"","MKILLS_SUM","Advantage","Team_Size","kill_bet_1","kill_bet_2","kill_bet_3","payout_1","payout_2","payout_3"
"1",1.54365079365079,"PLAYER","DUOS",3,4,5,2.09604528039698,2.97023500881707,4.75259010609494
"2",1.54365079365079,"NEUTRAL","DUOS",4,5,6,2.05476483959801,2.77460562198835,3.89408389916558
"3",1.54365079365079,"HOUSE","DUOS",5,6,7,1.95920319293013,2.45821157937033,3.05619615426123
"4",1.54365079365079,"PLAYER","TRIOS",5,7,8,1.84291979644138,2.77735827066554,3.63642140590499
"5",1.54365079365079,"NEUTRAL","TRIOS",7,8,10,1.96057527667513,2.35296536358239,3.5566709360932
"6",1.54365079365079,"HOUSE","TRIOS",9,11,13,2.00701661995798,2.67368732670486,3.47922396210043
"7",1.54365079365079,"PLAYER","QUADS",6,7,8,2.08603613299487,2.57120661008321,3.29945179868077
"8",1.54365079365079,"NEUTRAL","QUADS",7,9,10,1.85555450773465,2.66847110863843,3.27349316661214
"9",1.54365079365079,"HOUSE","QUADS",9,11,13,1.90568236046644,2.52643967778774,3.29063118600014
"10",4.1497113997114,"PLAYER","DUOS",3,4,5,1.84331819457271,2.39115219550008,3.36238426900615
"11",4.1497113997114,"NEUTRAL","DUOS",5,6,7,2.23509634864606,2.93890469085003,3.97934869905656
"12",4.1497113997114,"HOUSE","DUOS",6,7,9,2.03972228301321,2.49191743724686,3.60162210136565
"13",4.1497113997114,"PLAYER","TRIOS",6,8,9,1.86852525028953,2.66154487940457,3.33214110812721
"14",4.1497113997114,"NEUTRAL","TRIOS",8,10,11,1.90214731320463,2.62948509542188,3.1494664748909
"15",4.1497113997114,"HOUSE","TRIOS",10,12,15,1.88571584078867,2.42569383911331,3.44983243450913
"16",4.1497113997114,"PLAYER","QUADS",7,8,9,2.06526410001385,2.46819403913373,3.03883533438133
"17",4.1497113997114,"NEUTRAL","QUADS",9,10,12,2.08736263482521,2.45025808891066,3.49255575503655
"18",4.1497113997114,"HOUSE","QUADS",11,13,15,2.02573980418612,2.58871687278991,3.25831436489728
"19",4.67249281337306,"PLAYER","DUOS",3,4,5,1.80307966341309,2.30407478935682,3.17398258622704
"20",4.67249281337306,"NEUTRAL","DUOS",5,6,7,2.15025283031585,2.79342253631851,3.73483263693664
"21",4.67249281337306,"HOUSE","DUOS",6,7,9,1.9685667343299,2.3937783890077,3.45239007974933
"22",4.67249281337306,"PLAYER","TRIOS",7,8,9,2.11327797220495,2.52814415775505,3.11717687773257
"23",4.67249281337306,"NEUTRAL","TRIOS",9,10,12,2.12403020250462,2.49318734663949,3.55340867460023
"24",4.67249281337306,"HOUSE","TRIOS",11,13,15,2.05024946206731,2.61604355102593,3.28684401320707
"25",4.67249281337306,"PLAYER","QUADS",7,8,10,1.99116549734603,2.35252799006961,3.57866327230836
"26",4.67249281337306,"NEUTRAL","QUADS",9,10,12,1.99968802265948,2.3286468362491,3.26401463411663
"27",4.67249281337306,"HOUSE","QUADS",11,13,16,1.94326883445289,2.46887948021305,3.44601248013088
"28",5.10369520619117,"PLAYER","DUOS",4,5,6,2.23785317042909,3.03398054249003,4.48884796805358
"29",5.10369520619117,"NEUTRAL","DUOS",5,6,7,2.08507087350225,2.68258830724107,3.55030334714747
"30",5.10369520619117,"HOUSE","DUOS",6,7,9,1.91287135693539,2.3166055052507,3.3324294412385
"31",5.10369520619117,"PLAYER","TRIOS",7,8,10,2.04989369748109,2.42889730804981,3.7263670780288
"32",5.10369520619117,"NEUTRAL","TRIOS",9,10,12,2.04988811861234,2.39029794351799,3.3598442762493
"33",5.10369520619117,"HOUSE","TRIOS",11,13,16,1.98136747101191,2.51630785222974,3.50406903802019
"34",5.10369520619117,"PLAYER","QUADS",7,9,10,1.93521162731444,2.7224709225466,3.36608022033665
"35",5.10369520619117,"NEUTRAL","QUADS",9,11,12,1.93306424342552,2.61711321556202,3.09336347330253
"36",5.10369520619117,"HOUSE","QUADS",12,13,16,2.11294666713143,2.37533789517235,3.30894778343223
"37",5.5708531292791,"PLAYER","DUOS",4,5,6,2.17130111820328,2.89605113236556,4.18509036598463
"38",5.5708531292791,"NEUTRAL","DUOS",5,6,7,2.01898748398261,2.57106774100718,3.36621581923992
"39",5.5708531292791,"HOUSE","DUOS",6,8,9,1.85548218321538,2.69127603559423,3.20603003927683
"40",5.5708531292791,"PLAYER","TRIOS",7,8,10,1.9867213148346,2.33105444525427,3.48268731552866
"41",5.5708531292791,"NEUTRAL","TRIOS",9,11,12,1.97552704269924,2.67880468818714,3.16888634133769
"42",5.5708531292791,"HOUSE","TRIOS",11,13,16,1.91094672950575,2.41364171940801,3.3549057193549
"43",5.5708531292791,"PLAYER","QUADS",7,9,10,1.87934403371316,2.59166757456,3.16233648902408
"44",5.5708531292791,"NEUTRAL","QUADS",10,11,13,2.14490146418912,2.49225344658271,3.46344268616048
"45",5.5708531292791,"HOUSE","QUADS",12,14,17,2.03288539496975,2.55222589904745,3.49545117522088
"46",5.95840633633451,"PLAYER","DUOS",4,5,6,2.11985418407862,2.79128573492829,3.96120147860472
"47",5.95840633633451,"NEUTRAL","DUOS",5,6,7,1.96750530939979,2.48478899967482,3.22491882171118
"48",5.95840633633451,"HOUSE","DUOS",7,8,9,2.17350988238121,2.60832865065575,3.10420205046345
"49",5.95840633633451,"PLAYER","TRIOS",7,9,10,1.93826198605509,2.69302300695663,3.30321497658783
"50",5.95840633633451,"NEUTRAL","TRIOS",9,11,13,1.91817115087044,2.57150629392828,3.58814838306534
"51",5.95840633633451,"HOUSE","TRIOS",12,14,16,2.08026172279619,2.61150515810053,3.2349091868529
"52",5.95840633633451,"PLAYER","QUADS",8,9,10,2.11572414689168,2.49316586015863,3.01128618954019
"53",5.95840633633451,"NEUTRAL","QUADS",10,11,13,2.07432724274186,2.39675310188962,3.29190259957502
"54",5.95840633633451,"HOUSE","QUADS",12,14,17,1.97005568700762,2.46328864752464,3.36960851940021
"55",6.22372626077777,"PLAYER","DUOS",4,5,6,2.08646443218809,2.72414162284592,3.82071308562275
"56",6.22372626077777,"NEUTRAL","DUOS",5,6,7,1.93390638935605,2.42876878423878,3.13371391423132
"57",6.22372626077777,"HOUSE","DUOS",7,8,10,2.13169538901327,2.55328477381745,3.56088182538797
"58",6.22372626077777,"PLAYER","TRIOS",7,9,10,1.90699158551125,2.62035516965059,3.19067834641732
"59",6.22372626077777,"NEUTRAL","TRIOS",9,11,13,1.88101576288148,2.50249104205802,3.46359187720359
"60",6.22372626077777,"HOUSE","TRIOS",12,14,17,2.03584826562938,2.54899536217632,3.48127328319956
"61",6.22372626077777,"PLAYER","QUADS",8,9,11,2.07395473561425,2.43043272287499,3.59432624172428
"62",6.22372626077777,"NEUTRAL","QUADS",10,11,13,2.02872925504054,2.33526863908398,3.18233494464299
"63",6.22372626077777,"HOUSE","QUADS",12,14,17,1.92885545710812,2.40469723791196,3.28544718887675
"64",6.39893899204244,"PLAYER","DUOS",4,5,6,2.06518840927557,2.68170132097227,3.73309637329824
"65",6.39893899204244,"NEUTRAL","DUOS",5,6,7,1.91242031016765,2.39306502077816,3.07581078153827
"66",6.39893899204244,"HOUSE","DUOS",7,8,10,2.10474238398502,2.51771072376084,3.50950696366217
"67",6.39893899204244,"PLAYER","TRIOS",7,9,10,1.88714180803538,2.57469715736864,3.12053233572664
"68",6.39893899204244,"NEUTRAL","TRIOS",10,11,13,2.12558760680733,2.45877690597382,3.38512776456707
"69",6.39893899204244,"HOUSE","TRIOS",12,14,17,2.0073452020623,2.50873856634851,3.42451106019275
"70",6.39893899204244,"PLAYER","QUADS",8,9,11,2.04752443754556,2.39094356783213,3.5028345398023
"71",6.39893899204244,"NEUTRAL","QUADS",10,12,13,1.99976261674939,2.66210608864581,3.11325308708173
"72",6.39893899204244,"HOUSE","QUADS",12,15,17,1.90243394172066,2.63544562164703,3.23080819600518
"73",6.80702369128227,"PLAYER","DUOS",4,5,6,2.01789883574289,2.58831645757109,3.54346584971097
"74",6.80702369128227,"NEUTRAL","DUOS",5,6,7,1.86444889405404,2.31369236656302,2.94772593211559
"75",6.80702369128227,"HOUSE","DUOS",7,8,10,2.04396752183731,2.43724067852481,3.39174743207191
"76",6.80702369128227,"PLAYER","TRIOS",8,9,11,2.11271460333457,2.474985404696,3.65892120841221
"77",6.80702369128227,"NEUTRAL","TRIOS",10,11,13,2.05409431059294,2.36236506348991,3.21327762444659
"78",6.80702369128227,"HOUSE","TRIOS",12,14,17,1.94344342819402,2.41810953030566,3.29500225753774
"79",6.80702369128227,"PLAYER","QUADS",8,10,11,1.98929720832286,2.72757739014398,3.30655392035058
"80",6.80702369128227,"NEUTRAL","QUADS",10,12,14,1.93563730702137,2.54764499364345,3.47043429480048
"81",6.80702369128227,"HOUSE","QUADS",13,15,18,2.05071664490039,2.5371395093706,3.41317363957023
"82",7.0235218327219,"PLAYER","DUOS",4,5,6,1.9940349738888,2.54168039720367,3.45036189367376
"83",7.0235218327219,"NEUTRAL","DUOS",5,6,8,1.84012786049746,2.27363325973627,3.73999204564708
"84",7.0235218327219,"HOUSE","DUOS",7,8,10,2.01284135460498,2.39589679969147,3.33042732331138
"85",7.0235218327219,"PLAYER","TRIOS",8,9,11,2.07964602801632,2.42558119392699,3.54445524022237
"86",7.0235218327219,"NEUTRAL","TRIOS",10,12,13,2.01819639796436,2.67874704324074,3.12790586887472
"87",7.0235218327219,"HOUSE","TRIOS",12,15,17,1.91091739498624,2.63788049966643,3.22791436373803
"88",7.0235218327219,"PLAYER","QUADS",8,10,11,1.96018666246998,2.66403364707236,3.2110612771194
"89",7.0235218327219,"NEUTRAL","QUADS",10,12,14,1.90341814833176,2.49050801676901,3.37151253663086
"90",7.0235218327219,"HOUSE","QUADS",13,15,18,2.0143151105466,2.48684009005312,3.3431074809679
"91",7.1285554950447,"PLAYER","DUOS",4,5,6,1.98274988543193,2.51973935207234,3.4069208965149
"92",7.1285554950447,"NEUTRAL","DUOS",5,6,8,1.82860003279659,2.25468889155043,3.69215201245032
"93",7.1285554950447,"HOUSE","DUOS",7,8,10,1.99801453770909,2.37617314407583,3.30098213701529
"94",7.1285554950447,"PLAYER","TRIOS",8,9,11,2.06409214027508,2.40242885426274,3.49142621765377
"95",7.1285554950447,"NEUTRAL","TRIOS",10,12,13,2.00126380061505,2.64849517491595,3.0878521641332
"96",7.1285554950447,"HOUSE","TRIOS",13,15,17,2.11037381251673,2.61234576865493,3.19578903333296
"97",7.1285554950447,"PLAYER","QUADS",8,10,11,1.9464844781464,2.63434876783861,3.16670483708416
"98",7.1285554950447,"NEUTRAL","QUADS",10,12,14,1.888215888103,2.4636361512344,3.32516368167511
"99",7.1285554950447,"HOUSE","QUADS",13,15,18,1.99702774705834,2.46289756650658,3.30951991713477
"100",7.31223736848737,"PLAYER","DUOS",4,5,6,1.96346003618377,2.48240156431282,3.333522786307
"101",7.31223736848737,"NEUTRAL","DUOS",6,7,8,2.22230642194867,2.80137016649603,3.61077872523951
"102",7.31223736848737,"HOUSE","DUOS",7,8,10,1.97251039883577,2.34220248810281,3.24998198096767
"103",7.31223736848737,"PLAYER","TRIOS",8,9,11,2.03763058143476,2.36316461012023,3.40237522059696
"104",7.31223736848737,"NEUTRAL","TRIOS",10,12,14,1.97238625184419,2.59705776967905,3.53924930424169
"105",7.31223736848737,"HOUSE","TRIOS",13,15,18,2.0783935972809,2.56841455818014,3.44736037861171
"106",7.31223736848737,"PLAYER","QUADS",8,10,11,1.92315858472515,2.58414234481005,3.09204958243002
"107",7.31223736848737,"NEUTRAL","QUADS",11,12,14,2.11233356485541,2.41792549710714,3.24658160398061
"108",7.31223736848737,"HOUSE","QUADS",13,15,18,1.96737182139024,2.421745372432,3.25143996539371
"109",7.55749437154094,"PLAYER","DUOS",4,5,6,1.93855957806721,2.43451188989342,3.24034311252905
"110",7.55749437154094,"NEUTRAL","DUOS",6,7,8,2.18050530869811,2.73483179957665,3.50649294473999
"111",7.55749437154094,"HOUSE","DUOS",7,9,10,1.93928787657006,2.71589089596912,3.18289392256095
"112",7.55749437154094,"PLAYER","TRIOS",8,9,11,2.00370593777559,2.31305457191952,3.29031269120368
"113",7.55749437154094,"NEUTRAL","TRIOS",10,12,14,1.93523450919685,2.53117270537123,3.42518043469632
"114",7.55749437154094,"HOUSE","TRIOS",13,15,18,2.03687244236604,2.51118734737451,3.36801109280055
"115",7.55749437154094,"PLAYER","QUADS",8,10,12,1.89322716267123,2.5203164078154,3.65166403249008
"116",7.55749437154094,"NEUTRAL","QUADS",11,12,14,2.06791971181097,2.35933772555446,3.1463478210746
"117",7.55749437154094,"HOUSE","QUADS",13,16,19,1.92889733557014,2.61972765572296,3.47151612877279
"118",7.76379179632608,"PLAYER","DUOS",4,5,6,1.91834449011534,2.3958861936758,3.16596582034268
"119",7.76379179632608,"NEUTRAL","DUOS",6,7,8,2.14657049677895,2.68100587993123,3.42246371709624
"120",7.76379179632608,"HOUSE","DUOS",7,9,10,1.91206660735884,2.66970554647751,3.12738508420567
"121",7.76379179632608,"PLAYER","TRIOS",8,10,11,1.97635845218677,2.66748515376279,3.20165568923451
"122",7.76379179632608,"NEUTRAL","TRIOS",10,12,14,1.90517946360127,2.47811448708816,3.33380018187344
"123",7.76379179632608,"HOUSE","TRIOS",13,15,18,2.00297179974751,2.46431087705483,3.30236666786099
"124",7.76379179632608,"PLAYER","QUADS",9,10,12,2.12844406568948,2.46930222133148,3.53978961073802
"125",7.76379179632608,"NEUTRAL","QUADS",11,13,15,2.03204798587064,2.65247029160604,3.56869423496543
"126",7.76379179632608,"HOUSE","QUADS",14,16,19,2.10013315851963,2.56937394562547,3.4033661111089
"127",8.00318967138606,"PLAYER","DUOS",4,5,6,1.89568866681803,2.35286332274222,3.08392800400009
"128",8.00318967138606,"NEUTRAL","DUOS",6,7,8,2.10854011689334,2.62088953103385,3.32897193471287
"129",8.00318967138606,"HOUSE","DUOS",7,9,11,1.88129110625301,2.61725298535547,3.54497650843883
"130",8.00318967138606,"PLAYER","TRIOS",8,10,11,1.94591581222379,2.60214073255101,3.10468338648833
"131",8.00318967138606,"NEUTRAL","TRIOS",11,12,14,2.118222060479,2.41911227820015,3.23269597553286
"132",8.00318967138606,"HOUSE","TRIOS",13,15,18,1.96478032403673,2.41134479799987,3.22750885703596
"133",8.00318967138606,"PLAYER","QUADS",9,10,12,2.08947592734068,2.41296853117702,3.4181195495294
"134",8.00318967138606,"NEUTRAL","QUADS",11,13,15,1.99204555663516,2.5839266442426,3.45352531103628
"135",8.00318967138606,"HOUSE","QUADS",14,16,19,2.0579883431165,2.51243877843479,3.3255470410795
"136",8.1508989095196,"PLAYER","DUOS",4,5,6,1.88212555564913,2.32724081063041,3.03546952021969
"137",8.1508989095196,"NEUTRAL","DUOS",6,7,8,2.08577400670621,2.58500719162994,3.27335095855256
"138",8.1508989095196,"HOUSE","DUOS",7,9,11,1.86273117075767,2.58550279935282,3.50083998134476
"139",8.1508989095196,"PLAYER","TRIOS",8,10,11,1.92779581934986,2.56357208768277,3.047805544742
"140",8.1508989095196,"NEUTRAL","TRIOS",11,12,14,2.09159110134167,2.38402572725121,3.17283293891555
"141",8.1508989095196,"HOUSE","TRIOS",13,16,19,1.9418197334495,2.62970778907297,3.47649798468807
"142",8.1508989095196,"PLAYER","QUADS",9,10,12,2.06633976116098,2.37966279692108,3.34709352487174
"143",8.1508989095196,"NEUTRAL","QUADS",11,13,15,1.96820049621913,2.54322506919047,3.38543553201886
"144",8.1508989095196,"HOUSE","QUADS",14,16,19,2.03264668858384,2.47810826623495,3.27824076043958
"145",8.23139444324492,"PLAYER","DUOS",4,5,6,1.87486416411115,2.3135638804861,3.00972419029641
"146",8.23139444324492,"NEUTRAL","DUOS",6,7,8,2.07358593011679,2.56582979043794,3.24368080295137
"147",8.23139444324492,"HOUSE","DUOS",7,9,11,1.85275261309089,2.5683971716235,3.47693968762402
"148",8.23139444324492,"PLAYER","TRIOS",8,10,12,1.91812708038854,2.54309050319503,3.66600059467712
"149",8.23139444324492,"NEUTRAL","TRIOS",11,12,14,2.07737280711775,2.36531413877501,3.14098833811994
"150",8.23139444324492,"HOUSE","TRIOS",13,16,19,1.92949805512457,2.6100085643988,3.4499416996359
"151",8.23139444324492,"PLAYER","QUADS",9,10,12,2.05401218473284,2.36195923909328,3.30961108470763
"152",8.23139444324492,"NEUTRAL","QUADS",11,13,15,1.95546633642091,2.52153720682665,3.34924578141222
"153",8.23139444324492,"HOUSE","QUADS",14,16,19,2.01904608533957,2.45965481894774,3.2526952527544
"154",8.38695154034425,"PLAYER","DUOS",4,5,6,1.86108568795236,2.28768968457273,2.96124793420202
"155",8.38695154034425,"NEUTRAL","DUOS",6,7,8,2.05045990882584,2.52950485208439,3.18759006824706
"156",8.38695154034425,"HOUSE","DUOS",8,9,11,2.15648942651243,2.53573391232139,3.43106806008116
"157",8.38695154034425,"PLAYER","TRIOS",8,10,12,1.89984270449841,2.50454403045892,3.58174078417457
"158",8.38695154034425,"NEUTRAL","TRIOS",11,13,15,2.05046957954436,2.66921773373602,3.58093403300109
"159",8.38695154034425,"HOUSE","TRIOS",13,16,19,1.90606311393551,2.57245217703436,3.39904289134833
"160",8.38695154034425,"PLAYER","QUADS",9,10,12,2.03073345002339,2.32860936733608,3.23950821195402
"161",8.38695154034425,"NEUTRAL","QUADS",11,13,15,1.93136507306586,2.48058241311416,3.2810821708361
"162",8.38695154034425,"HOUSE","QUADS",14,16,19,1.99317683710452,2.42450144483225,3.2038078274038
"163",8.56425604752374,"PLAYER","DUOS",4,5,6,1.84577986314804,2.2590659541738,2.90796716606641
"164",8.56425604752374,"NEUTRAL","DUOS",6,7,8,2.02477171581216,2.48925248738791,3.12560326705802
"165",8.56425604752374,"HOUSE","DUOS",8,9,11,2.12793920661399,2.49913513902719,3.37930869364611
"166",8.56425604752374,"PLAYER","TRIOS",9,10,12,2.13193110334324,2.46220668420563,3.49024089290135
"167",8.56425604752374,"NEUTRAL","TRIOS",11,13,15,2.02070163372575,2.6182845433176,3.49549540920911
"168",8.56425604752374,"HOUSE","TRIOS",14,16,19,2.07602919422935,2.53046638738182,3.34172773623224
"169",8.56425604752374,"PLAYER","QUADS",9,11,12,2.00504699183653,2.66652153894004,3.16316680124413
"170",8.56425604752374,"NEUTRAL","QUADS",11,13,15,1.90468785885205,2.43539268872875,3.20614042182531
"171",8.56425604752374,"HOUSE","QUADS",14,17,20,1.96434719041716,2.62409214454381,3.42832814527382
"172",8.66272876604518,"PLAYER","DUOS",4,5,7,1.8374583222563,2.24355571428019,3.91722217822776
"173",8.66272876604518,"NEUTRAL","DUOS",6,7,8,2.01080606499095,2.46741201690869,3.09204479243026
"174",8.66272876604518,"HOUSE","DUOS",8,9,11,2.11233132939076,2.479098215895,3.35081214341217
"175",8.66272876604518,"PLAYER","TRIOS",9,10,12,2.11610890328299,2.4393990833226,3.44139743254121
"176",8.66272876604518,"NEUTRAL","TRIOS",11,13,15,2.00456955811146,2.59075746100954,3.44946254203982
"177",8.66272876604518,"HOUSE","TRIOS",14,16,19,2.05905774489793,2.50752447517604,3.31022769666674
"178",8.66272876604518,"PLAYER","QUADS",9,11,12,1.99115773054846,2.63826396838916,3.12232298482549
"179",8.66272876604518,"NEUTRAL","QUADS",11,13,15,1.8902264988053,2.4109588764109,3.16573936877932
"180",8.66272876604518,"HOUSE","QUADS",14,17,20,1.94863318900196,2.5996622042099,3.39574990876384
"181",8.7434931772317,"PLAYER","DUOS",4,5,7,1.83072681955038,2.23103576196306,3.87293682366173
"182",8.7434931772317,"NEUTRAL","DUOS",6,7,8,1.99950922695883,2.44976756934971,3.06497239159265
"183",8.7434931772317,"HOUSE","DUOS",8,9,11,2.09966164537746,2.46281848683481,3.32757680268323
"184",8.7434931772317,"PLAYER","TRIOS",9,10,12,2.10336014403034,2.42105699921838,3.40234271124607
"185",8.7434931772317,"NEUTRAL","TRIOS",11,13,15,1.99154703445206,2.56857508961881,3.41244116728915
"186",8.7434931772317,"HOUSE","TRIOS",14,16,19,2.04530328852467,2.4889081566261,3.28457351524094
"187",8.7434931772317,"PLAYER","QUADS",9,11,12,1.97996147456294,2.61557348572376,3.08961838045927
"188",8.7434931772317,"NEUTRAL","QUADS",12,13,15,2.11119865504506,2.39126359225849,3.13323505144536
"189",8.7434931772317,"HOUSE","QUADS",14,17,20,1.93590176116166,2.57983332584608,3.36920547208608
"190",8.85091657093097,"PLAYER","DUOS",5,6,7,2.21465832731901,2.82601988792837,3.81551479843978
"191",8.85091657093097,"NEUTRAL","DUOS",6,7,8,1.9846997452022,2.42666714057631,3.02958143655872
"192",8.85091657093097,"HOUSE","DUOS",8,9,11,2.08299224215804,2.44137957580885,3.29686641913871
"193",8.85091657093097,"PLAYER","TRIOS",9,10,12,2.08671460405973,2.39715560762723,3.35175045089388
"194",8.85091657093097,"NEUTRAL","TRIOS",11,13,15,1.97451168196524,2.53960977521812,3.36419912573069
"195",8.85091657093097,"HOUSE","TRIOS",14,16,19,2.02723712689613,2.46442521331905,3.25070879765089
"196",8.85091657093097,"PLAYER","QUADS",9,11,13,1.96533631432746,2.58605188112221,3.66653907712597
"197",8.85091657093097,"NEUTRAL","QUADS",12,13,16,2.09130156253641,2.36553829020488,3.566722527204
"198",8.85091657093097,"HOUSE","QUADS",14,17,20,1.91918460901219,2.55374899826717,3.33414924792437
"199",8.90574431458918,"PLAYER","DUOS",5,6,7,2.20641846885607,2.81090924024214,3.7868399483792
"200",8.90574431458918,"NEUTRAL","DUOS",6,7,8,1.97723501441832,2.41503646436929,3.01178543715097
"201",8.90574431458918,"HOUSE","DUOS",8,9,11,2.07456413129187,2.43053155362373,3.28127909872349
"202",8.90574431458918,"PLAYER","TRIOS",9,10,12,2.07835329030054,2.38516966284324,3.32650652850154
"203",8.90574431458918,"NEUTRAL","TRIOS",11,13,15,1.96594071856293,2.5250590834981,3.34000771359659
"204",8.90574431458918,"HOUSE","TRIOS",14,16,19,2.01811609362753,2.45205147210847,3.23353947393892
"205",8.90574431458918,"PLAYER","QUADS",9,11,13,1.95798702541126,2.57126718772615,3.63557736274213
"206",8.90574431458918,"NEUTRAL","QUADS",12,13,16,2.08129611332229,2.35261195027932,3.53960111135976
"207",8.90574431458918,"HOUSE","QUADS",14,17,20,1.91074690368852,2.54056310249072,3.31636887401015
"208",9.0323402380806,"PLAYER","DUOS",5,6,7,2.18769390258436,2.77668066366861,3.72220806523915
"209",9.0323402380806,"NEUTRAL","DUOS",6,7,9,1.96023759128218,2.38858597059775,3.76399859942165
"210",9.0323402380806,"HOUSE","DUOS",8,9,11,2.05530835164253,2.40572613117272,3.24551665009275
"211",9.0323402380806,"PLAYER","TRIOS",9,10,12,2.05938635364956,2.35803024791051,3.26965825593664
"212",9.0323402380806,"NEUTRAL","TRIOS",11,13,15,1.94646387268807,2.49205020954116,3.28523569693783
"213",9.0323402380806,"HOUSE","TRIOS",14,16,20,1.99731098008594,2.42379475030131,3.47494046877307
"214",9.0323402380806,"PLAYER","QUADS",9,11,13,1.94130874361904,2.53783911594474,3.56600336975605
"215",9.0323402380806,"NEUTRAL","QUADS",12,14,16,2.05857286362466,2.64075732955092,3.47823399775104
"216",9.0323402380806,"HOUSE","QUADS",15,17,20,2.07915219798266,2.51044492565536,3.2756089670355
"217",9.12460468058191,"PLAYER","DUOS",5,6,7,2.17430691228351,2.75230198037531,3.6764461714322
"218",9.12460468058191,"NEUTRAL","DUOS",6,7,9,1.94805615739374,2.36965810259751,3.72044574783746
"219",9.12460468058191,"HOUSE","DUOS",8,9,11,2.04145313920817,2.38786013498958,3.21965638163166
"220",9.12460468058191,"PLAYER","TRIOS",9,10,12,2.04585487069013,2.33871037366641,3.22945032409652
"221",9.12460468058191,"NEUTRAL","TRIOS",11,13,15,1.93253945458102,2.46849970762786,3.24624973279379
"222",9.12460468058191,"HOUSE","TRIOS",14,16,20,1.98237030336241,2.4034758348351,3.4443136692029
"223",9.12460468058191,"PLAYER","QUADS",9,11,13,1.92940408150474,2.5140834460792,3.51692045051488
"224",9.12460468058191,"NEUTRAL","QUADS",12,14,16,2.04233894712182,2.61391239091637,3.43458684474724
"225",9.12460468058191,"HOUSE","QUADS",15,17,20,2.06286124395229,2.48878182194575,3.24616602584458
"226",9.16797283176594,"PLAYER","DUOS",5,6,7,2.16808873378215,2.74100443329736,3.65531524541484
"227",9.16797283176594,"NEUTRAL","DUOS",6,7,9,1.9423896408027,2.36086136464188,3.70024867339083
"228",9.16797283176594,"HOUSE","DUOS",8,9,11,2.03499229276191,2.37952406092817,3.20756115348962
"229",9.16797283176594,"PLAYER","TRIOS",9,10,12,2.03957778354985,2.32975998772531,3.21089614349039
"230",9.16797283176594,"NEUTRAL","TRIOS",11,13,15,1.92607184013293,2.45757470845859,3.2281903742814
"231",9.16797283176594,"HOUSE","TRIOS",14,16,20,1.97541175558593,2.39400482874367,3.42998610645912
"232",9.16797283176594,"PLAYER","QUADS",9,11,13,1.9238799731677,2.50308960829544,3.49430594741998
"233",9.16797283176594,"NEUTRAL","QUADS",12,14,16,2.03480187221819,2.60146486144414,3.41437772593433
"234",9.16797283176594,"HOUSE","QUADS",15,17,20,2.05527346165364,2.47868270911558,3.23240446614527
"235",9.19394947943335,"PLAYER","DUOS",5,6,7,2.16438665970794,2.73428616682139,3.64277214929784
"236",9.19394947943335,"NEUTRAL","DUOS",6,7,9,1.93901349877452,2.35562265759599,3.68823408763572
"237",9.19394947943335,"HOUSE","DUOS",8,9,11,2.03113813838079,2.37454977448128,3.2003349345269
"238",9.19394947943335,"PLAYER","TRIOS",9,11,12,2.03584311811676,2.70101308048763,3.19988624041202
"239",9.19394947943335,"NEUTRAL","TRIOS",11,13,15,1.92222133505232,2.45107464082281,3.21745344532111
"240",9.19394947943335,"HOUSE","TRIOS",14,16,20,1.97126327866533,2.38835623859321,3.42142539330681
"241",9.19394947943335,"PLAYER","QUADS",9,11,13,1.92059280031569,2.49655646454285,3.48089715169894
"242",9.19394947943335,"NEUTRAL","QUADS",12,14,16,2.0303156455745,2.59406066770403,3.40236553611715
"243",9.19394947943335,"HOUSE","QUADS",15,17,20,2.050749754903,2.47265905015614,3.22418562009122
"244",9.34800324888171,"PLAYER","DUOS",5,6,7,2.14277257252932,2.69517938941063,3.57009447064944
"245",9.34800324888171,"NEUTRAL","DUOS",6,7,9,1.91926490656262,2.32501564558042,3.61823907503572
"246",9.34800324888171,"HOUSE","DUOS",8,9,11,2.00852246696185,2.34533931951999,3.15776912715497
"247",9.34800324888171,"PLAYER","TRIOS",9,11,12,2.0140758806187,2.65683812842009,3.13614660284144
"248",9.34800324888171,"NEUTRAL","TRIOS",11,13,15,1.89974205824415,2.41318920912074,3.15499130138295
"249",9.34800324888171,"HOUSE","TRIOS",14,17,20,1.94695962120167,2.58715340067418,3.37098872392215
"250",9.34800324888171,"PLAYER","QUADS",9,11,13,1.90142624645136,2.45859446784678,3.40342275494481
"251",9.34800324888171,"NEUTRAL","QUADS",12,14,16,2.00413973032662,2.55093151523088,3.33252703400293
"252",9.34800324888171,"HOUSE","QUADS",15,17,21,2.02424647714371,2.43732744470261,3.44406448078631
"253",9.46179093991594,"PLAYER","DUOS",5,6,7,2.12717508972864,2.66708210017133,3.51822837384246
"254",9.46179093991594,"NEUTRAL","DUOS",6,7,9,1.90497385119774,2.30290599287746,3.56789006067762
"255",9.46179093991594,"HOUSE","DUOS",8,9,11,1.99208110290171,2.32408050211891,3.12665087236362
"256",9.46179093991594,"PLAYER","TRIOS",9,11,12,1.99840750515592,2.62522158742498,3.09071666679544
"257",9.46179093991594,"NEUTRAL","TRIOS",12,13,16,2.11171141631527,2.385919024404,3.58463016810639
"258",9.46179093991594,"HOUSE","TRIOS",14,17,20,1.92933338212377,2.55969725366473,3.33410841404231
"259",9.46179093991594,"PLAYER","QUADS",10,11,13,2.12587320735838,2.43139090417858,3.34836275555465
"260",9.46179093991594,"NEUTRAL","QUADS",12,14,16,1.98526818059035,2.51991451332812,3.28244211123976
"261",9.46179093991594,"HOUSE","QUADS",15,17,21,2.00502370236949,2.41165913358067,3.40607490394134
"262",9.56161746661608,"PLAYER","DUOS",5,6,7,2.1137418585607,2.64296604733014,3.47394381953096
"263",9.56161746661608,"NEUTRAL","DUOS",6,7,9,1.89263896763368,2.28384923127284,3.52463776985035
"264",9.56161746661608,"HOUSE","DUOS",8,10,12,1.97783928425939,2.68207033180325,3.5450800332896
"265",9.56161746661608,"PLAYER","TRIOS",9,11,13,1.98494005163525,2.59816658677693,3.65919721260148
"266",9.56161746661608,"NEUTRAL","TRIOS",12,13,16,2.0935497223876,2.36248011490723,3.53562796136857
"267",9.56161746661608,"HOUSE","TRIOS",14,17,20,1.91409428793204,2.53591208185603,3.3020211175237
"268",9.56161746661608,"PLAYER","QUADS",10,11,13,2.10923196206646,2.40808981173165,3.30150271838977
"269",9.56161746661608,"NEUTRAL","QUADS",12,14,16,1.96902769205782,2.49327387587704,3.23951879695274
"270",9.56161746661608,"HOUSE","QUADS",15,18,21,1.98840359783106,2.615362882733,3.37300720776137
"271",9.62424663438043,"PLAYER","DUOS",5,6,7,2.10543142022843,2.6280848054315,3.44672376778534
"272",9.62424663438043,"NEUTRAL","DUOS",6,7,9,1.88499557219342,2.27205293821402,3.49793161668557
"273",9.62424663438043,"HOUSE","DUOS",8,10,12,1.96899056485997,2.66785109841547,3.52598241395722
"274",9.62424663438043,"PLAYER","TRIOS",9,11,13,1.97662094964948,2.58150952171341,3.6245800428665
"275",9.62424663438043,"NEUTRAL","TRIOS",12,14,16,2.08232285187544,2.66642705820492,3.505436474657
"276",9.62424663438043,"HOUSE","TRIOS",15,17,20,2.09167889446079,2.52113359071765,3.28202032526818
"277",9.62424663438043,"PLAYER","QUADS",10,11,13,2.09896216892907,2.3937336506341,3.27276904830333
"278",9.62424663438043,"NEUTRAL","QUADS",12,14,16,1.9589865135522,2.47682666481347,3.21306319798826
"279",9.62424663438043,"HOUSE","QUADS",15,18,21,1.97809188691332,2.59974346678661,3.3523882781585
"280",9.6890244608483,"PLAYER","DUOS",5,6,7,2.0969295675291,2.61289084307545,3.41901521656626
"281",9.6890244608483,"NEUTRAL","DUOS",6,8,9,1.8771662623872,2.77601907154742,3.47065167719065
"282",9.6890244608483,"HOUSE","DUOS",8,10,12,1.95990784014129,2.65323733384649,3.5063003238376
"283",9.6890244608483,"PLAYER","TRIOS",9,11,13,1.96812017692094,2.5645321630384,3.58944693902427
"284",9.6890244608483,"NEUTRAL","TRIOS",12,14,16,2.07084449342702,2.6474670493686,3.47464779123319
"285",9.6890244608483,"HOUSE","TRIOS",15,17,20,2.08025465643495,2.50596449841371,3.26144035489022
"286",9.6890244608483,"PLAYER","QUADS",10,11,13,2.08847584528679,2.37909336726268,3.24357411830131
"287",9.6890244608483,"NEUTRAL","QUADS",12,14,16,1.94871888101108,2.46002770624764,3.18607678005671
"288",9.6890244608483,"HOUSE","QUADS",15,18,21,1.96751930191378,2.58370879243033,3.33116674598565
"289",9.8293393095878,"PLAYER","DUOS",5,6,7,2.07883463080735,2.580653498502,3.3605034613084
"290",9.8293393095878,"NEUTRAL","DUOS",6,8,9,1.8604694494609,2.73719242108176,3.41273100711316
"291",9.8293393095878,"HOUSE","DUOS",8,10,12,1.94047457576776,2.62190795111836,3.46392016121402
"292",9.8293393095878,"PLAYER","TRIOS",9,11,13,1.95006121583617,2.52861069851217,3.51560530545492
"293",9.8293393095878,"NEUTRAL","TRIOS",12,14,16,2.04643889566339,2.60723109962556,3.40945090778592
"294",9.8293393095878,"HOUSE","TRIOS",15,17,20,2.05584663831897,2.47351148872296,3.21724089494849
"295",9.8293393095878,"PLAYER","QUADS",10,11,13,2.06622472664644,2.34808989523846,3.18210436910001
"296",9.8293393095878,"NEUTRAL","QUADS",12,14,16,1.92688240917509,2.42436564120257,3.12890603479092
"297",9.8293393095878,"HOUSE","QUADS",15,18,21,1.94493903121921,2.54939596263958,3.28557091354272
"298",9.9258439444972,"PLAYER","DUOS",5,6,7,2.06663916596768,2.55900346816035,3.32141897971419
"299",9.9258439444972,"NEUTRAL","DUOS",6,8,9,1.84919066818433,2.7110484165072,3.37380335380239
"300",9.9258439444972,"HOUSE","DUOS",8,10,12,1.92729848899728,2.6006188801727,3.43497886847039
"301",9.9258439444972,"PLAYER","TRIOS",9,11,13,1.93791602204411,2.50456278294222,3.46654378451709
"302",9.9258439444972,"NEUTRAL","TRIOS",12,14,16,2.03000936553772,2.58020435810934,3.36576651360259
"303",9.9258439444972,"HOUSE","TRIOS",15,17,21,2.03932535929826,2.45151135487081,3.4540712465068
"304",9.9258439444972,"PLAYER","QUADS",10,12,13,2.05127998177524,2.68122570041242,3.14118109589067
"305",9.9258439444972,"NEUTRAL","QUADS",12,14,17,1.91217841421668,2.40040181067197,3.53645528346262
"306",9.9258439444972,"HOUSE","QUADS",15,18,21,1.92966115635729,2.52612911205537,3.25451242153511
"307",9.99130566651099,"PLAYER","DUOS",5,6,7,2.05848018790726,2.54455369389755,3.29542683082193
"308",9.99130566651099,"NEUTRAL","DUOS",6,8,9,1.8416334240875,2.69356867062112,3.34780972622396
"309",9.99130566651099,"HOUSE","DUOS",8,10,12,1.91844796885318,2.58629774866638,3.4154455588258
"310",9.99130566651099,"PLAYER","TRIOS",9,11,13,1.92980245664256,2.48854680915696,3.43403305974457
"311",9.99130566651099,"NEUTRAL","TRIOS",12,14,16,2.01902651482053,2.56216433996137,3.33665678206088
"312",9.99130566651099,"HOUSE","TRIOS",15,17,21,2.02824068920808,2.43673596093035,3.43228047574022
"313",9.99130566651099,"PLAYER","QUADS",10,12,13,2.04130504221476,2.6619363704452,3.1140270764039
"314",9.99130566651099,"NEUTRAL","QUADS",12,14,17,1.90234726454057,2.384402002515,3.50431204245412
"315",9.99130566651099,"HOUSE","QUADS",15,18,21,1.91941351251947,2.51050041041854,3.2335867335492
"316",10.0633185070088,"PLAYER","DUOS",5,6,7,2.04960907389189,2.52887396406626,3.26730686086227
"317",10.0633185070088,"NEUTRAL","DUOS",7,8,9,2.19268208020885,2.67457346512026,3.31959285813793
"318",10.0633185070088,"HOUSE","DUOS",8,10,12,1.90879257099855,2.5706552340883,3.39405102640968
"319",10.0633185070088,"PLAYER","TRIOS",9,11,13,1.92099149361331,2.4711986150862,3.39896546491869
"320",10.0633185070088,"NEUTRAL","TRIOS",12,14,16,2.00709318069401,2.54258761198404,3.30511212267204
"321",10.0633185070088,"HOUSE","TRIOS",15,17,21,2.01615991972496,2.42061951818049,3.40842757405427
"322",10.0633185070088,"PLAYER","QUADS",10,12,13,2.03048073856705,2.64106455237066,3.08470510436065
"323",10.0633185070088,"NEUTRAL","QUADS",13,14,17,2.10890336032908,2.36703540096777,3.46949517195967
"324",10.0633185070088,"HOUSE","QUADS",16,18,21,2.08665639236331,2.49345093403327,3.21070128899009
"325",10.0637403847376,"PLAYER","DUOS",5,6,7,2.04955742289916,2.52878276589489,3.26714356337996
"326",10.0637403847376,"NEUTRAL","DUOS",7,8,9,2.19260853436874,2.67446289928411,3.31942870844974
"327",10.0637403847376,"HOUSE","DUOS",8,10,12,1.90873625464794,2.57056393944905,3.39392598132926
"328",10.0637403847376,"PLAYER","TRIOS",9,11,13,1.92094022581675,2.47109780726174,3.39876213863183
"329",10.0637403847376,"NEUTRAL","TRIOS",12,14,16,2.00702372531975,2.5424737448247,3.30492878131557
"330",10.0637403847376,"HOUSE","TRIOS",15,17,21,2.0160894939894,2.42052552595771,3.4082882051467
"331",10.0637403847376,"PLAYER","QUADS",10,12,13,2.03041778031115,2.64094333616468,3.08453499378676
"332",10.0637403847376,"NEUTRAL","QUADS",13,14,17,2.1088238497458,2.36693437705618,3.469292858103
"333",10.0637403847376,"HOUSE","QUADS",16,18,21,2.08658041299394,2.49335149346868,3.21056763540763
"334",10.1656918586101,"PLAYER","DUOS",5,6,7,2.03718317658561,2.50696570864427,3.22816355586289
"335",10.1656918586101,"NEUTRAL","DUOS",7,8,9,2.17498328808289,2.64798479297689,3.28014954048151
"336",10.1656918586101,"HOUSE","DUOS",8,10,12,1.89521121962139,2.54861930320909,3.36380845998626
"337",10.1656918586101,"PLAYER","TRIOS",9,11,13,1.90866882961345,2.44701337055517,3.35033175964643
"338",10.1656918586101,"NEUTRAL","TRIOS",12,14,16,1.99039245537505,2.51523299596522,3.26111319730954
"339",10.1656918586101,"HOUSE","TRIOS",15,17,21,1.99918845199265,2.39795559375603,3.37473629774669
"340",10.1656918586101,"PLAYER","QUADS",10,12,14,2.01535629644345,2.61200518753577,3.61210907823671
"341",10.1656918586101,"NEUTRAL","QUADS",13,15,17,2.08979061266445,2.64282283099176,3.42095850363424
"342",10.1656918586101,"HOUSE","QUADS",16,18,22,2.06834608267555,2.46947104606327,3.43471230420144
"343",10.2877880715994,"PLAYER","DUOS",5,6,7,2.02264228025531,2.48140899528219,3.18271685526958
"344",10.2877880715994,"NEUTRAL","DUOS",7,8,9,2.1542579107827,2.61689795690516,3.23411303617523
"345",10.2877880715994,"HOUSE","DUOS",8,10,12,1.87923357963931,2.52264681617888,3.32800899679773
"346",10.2877880715994,"PLAYER","TRIOS",9,11,13,1.89427705651282,2.41888061505814,3.29413000739113
"347",10.2877880715994,"NEUTRAL","TRIOS",12,14,16,1.97087097562132,2.48332216729879,3.20990237671781
"348",10.2877880715994,"HOUSE","TRIOS",15,18,21,1.97925518975818,2.59226568217244,3.33489626672158
"349",10.2877880715994,"PLAYER","QUADS",10,12,14,1.99771293155781,2.57825869622894,3.54521010750289
"350",10.2877880715994,"NEUTRAL","QUADS",13,15,17,2.06746449630024,2.60705686419125,3.36450531492424
"351",10.2877880715994,"HOUSE","QUADS",16,18,22,2.04683915996391,2.44126522909034,3.39381063965568
"352",10.3796043364436,"PLAYER","DUOS",5,6,7,2.01190332777917,2.46258998704698,3.14939902513784
"353",10.3796043364436,"NEUTRAL","DUOS",7,8,9,2.1389418286441,2.59395864789055,3.20019773420311
"354",10.3796043364436,"HOUSE","DUOS",8,10,12,1.86737472527043,2.50333639383619,3.30128511568572
"355",10.3796043364436,"PLAYER","TRIOS",10,11,13,2.10983606701264,2.39822005698011,3.25310720363579
"356",10.3796043364436,"NEUTRAL","TRIOS",12,14,16,1.9564691333495,2.45982460760496,3.17227422750817
"357",10.3796043364436,"HOUSE","TRIOS",15,18,21,1.96448365541187,2.56986821432207,3.30518713180624
"358",10.3796043364436,"PLAYER","QUADS",10,12,14,1.98472112717418,2.55351373601587,3.49648668378855
"359",10.3796043364436,"NEUTRAL","QUADS",13,15,17,2.05100382429821,2.58073784158604,3.32305241901539
"360",10.3796043364436,"HOUSE","QUADS",16,18,22,2.03090077627983,2.42033549153172,3.36329835007888
"361",10.4602555028394,"PLAYER","DUOS",5,6,7,2.00260628469002,2.44633571864713,3.12072205199731
"362",10.4602555028394,"NEUTRAL","DUOS",7,8,9,2.12567562993677,2.57411291513581,3.17089455467923
"363",10.4602555028394,"HOUSE","DUOS",9,10,12,2.14883511833462,2.48653025543714,3.27795325467944
"364",10.4602555028394,"PLAYER","TRIOS",10,11,13,2.09704069407215,2.38041311736092,3.21792015715324
"365",10.4602555028394,"NEUTRAL","TRIOS",12,14,16,1.94401180522482,2.43953023506374,3.13983125915185
"366",10.4602555028394,"HOUSE","TRIOS",15,18,21,1.95166138951683,2.55039518212285,3.27927150015409
"367",10.4602555028394,"PLAYER","QUADS",10,12,14,1.97350013996955,2.53221254225552,3.45476671176332
"368",10.4602555028394,"NEUTRAL","QUADS",13,15,17,2.03677272106384,2.55801852044436,3.28733045839593
"369",10.4602555028394,"HOUSE","QUADS",16,18,22,2.0170652445856,2.40214895821342,3.33667432909207
"370",10.5864142772326,"PLAYER","DUOS",5,6,7,1.98831362357811,2.42141584628636,3.07693597766888
"371",10.5864142772326,"NEUTRAL","DUOS",7,8,9,2.10526919729405,2.543628304461,3.12595235188164
"372",10.5864142772326,"HOUSE","DUOS",9,10,12,2.12810100203071,2.46053324818414,3.24172799737
"373",10.5864142772326,"PLAYER","TRIOS",10,11,13,2.07743468227107,2.35318124384034,3.16441102323065
"374",10.5864142772326,"NEUTRAL","TRIOS",12,14,17,1.92488061866042,2.40841890550063,3.52973080386491
"375",10.5864142772326,"HOUSE","TRIOS",15,18,21,1.93188814528824,2.52031015779807,3.23907802839095
"376",10.5864142772326,"PLAYER","QUADS",10,12,14,1.95629765325827,2.49968352310539,3.39145069467759
"377",10.5864142772326,"NEUTRAL","QUADS",13,15,17,2.01493033035792,2.52321132611112,3.23271375873441
"378",10.5864142772326,"HOUSE","QUADS",16,19,22,1.99572886782692,2.58601181407735,3.29536824979288
"379",10.601280356654,"PLAYER","DUOS",5,6,7,1.98664925302158,2.41851931318448,3.07186059035816
"380",10.601280356654,"NEUTRAL","DUOS",7,8,9,2.10289195295061,2.54008037818145,3.12072731380344
"381",10.601280356654,"HOUSE","DUOS",9,10,12,2.1256780712214,2.45749327497789,3.23748144566309
"382",10.601280356654,"PLAYER","TRIOS",10,11,13,2.07515667674608,2.35002136576088,3.15822555675899
"383",10.601280356654,"NEUTRAL","TRIOS",12,14,17,1.92265439246935,2.40480297561347,3.52249168683999
"384",10.601280356654,"HOUSE","TRIOS",15,18,21,1.92958078234543,2.51679517205705,3.2343698507636
"385",10.601280356654,"PLAYER","QUADS",10,12,14,1.95429821623623,2.49591263025312,3.38414152430549
"386",10.601280356654,"NEUTRAL","QUADS",13,15,17,2.01238962628219,2.51916754843877,3.22637736530428
"387",10.601280356654,"HOUSE","QUADS",16,19,22,1.99323906441666,2.58232121165349,3.29052865885839
"388",10.7272561964526,"PLAYER","DUOS",5,6,7,1.97271021311147,2.39430476471128,3.02954507278661
"389",10.7272561964526,"NEUTRAL","DUOS",7,8,9,2.08297505197113,2.51038311584821,3.07703755774063
"390",10.7272561964526,"HOUSE","DUOS",9,10,12,2.10531675077798,2.43193003838914,3.20168559607758
"391",10.7272561964526,"PLAYER","TRIOS",10,12,13,2.0561202503013,2.66521870496217,3.10679189988489
"392",10.7272561964526,"NEUTRAL","TRIOS",12,14,17,1.90402303416276,2.37457710076429,3.46210564390798
"393",10.7272561964526,"HOUSE","TRIOS",16,18,22,2.0861883023516,2.4872631621002,3.4501058454929
"394",10.7272561964526,"PLAYER","QUADS",10,12,14,1.93758403121348,2.46447067503948,3.32344372345796
"395",10.7272561964526,"NEUTRAL","QUADS",13,15,17,1.99113472820924,2.48537925945609,3.17350485206753
"396",10.7272561964526,"HOUSE","QUADS",16,19,22,1.97234493766133,2.55130974314875,3.249756519248
"397",10.9095857593381,"PLAYER","DUOS",5,6,7,1.95304755262393,2.36027976816744,2.97042768616914
"398",10.9095857593381,"NEUTRAL","DUOS",7,8,9,2.05485704675086,2.46854248218864,3.01562173633916
"399",10.9095857593381,"HOUSE","DUOS",9,10,12,2.07638360603744,2.39555524704472,3.15048709328715
"400",10.9095857593381,"PLAYER","TRIOS",10,12,14,2.0293940947001,2.61408423825468,3.58686230844691
"401",10.9095857593381,"NEUTRAL","TRIOS",13,15,17,2.08571546752496,2.62379463689796,3.37765917112743
"402",10.9095857593381,"HOUSE","TRIOS",16,18,22,2.05416898122606,2.44532219014594,3.38937666797288
"403",10.9095857593381,"PLAYER","QUADS",10,12,14,1.91410118036025,2.42053782741399,3.23936466330308
"404",10.9095857593381,"NEUTRAL","QUADS",13,15,18,1.96122416631424,2.4379559472014,3.52120341270646
"405",10.9095857593381,"HOUSE","QUADS",16,19,23,1.9427449891968,2.50725606748856,3.43762476458963
"406",10.9218871211707,"PLAYER","DUOS",5,6,7,1.95174231660917,2.35802660269415,2.96652692478391
"407",10.9218871211707,"NEUTRAL","DUOS",7,8,9,2.05298959036575,2.46576717819575,3.01155379471908
"408",10.9218871211707,"HOUSE","DUOS",9,10,12,2.07445422205773,2.3931275880134,3.14705921264724
"409",10.9218871211707,"PLAYER","TRIOS",10,12,14,2.02762523532373,2.61071301866195,3.5802163464647
"410",10.9218871211707,"NEUTRAL","TRIOS",13,15,17,2.08349640787077,2.62025050647022,3.37208403270599
"411",10.9218871211707,"HOUSE","TRIOS",16,18,22,2.05203718049714,2.442526524975,3.38530903213358
"412",10.9218871211707,"PLAYER","QUADS",10,12,14,1.9125462783411,2.41763877037996,3.2338462221667
"413",10.9218871211707,"NEUTRAL","QUADS",13,15,18,1.95924167795651,2.43481788312505,3.51512819603445
"414",10.9218871211707,"HOUSE","QUADS",16,19,23,1.9407749371084,2.50431911684362,3.43346267026391
"415",11.0132850509865,"PLAYER","DUOS",5,6,7,1.94212757282824,2.3414500136102,2.93788233760374
"416",11.0132850509865,"NEUTRAL","DUOS",7,8,10,2.03922976935026,2.44533179646669,3.68979019130525
"417",11.0132850509865,"HOUSE","DUOS",9,10,13,2.06020816869178,2.37519468411955,3.53564055127149
"418",11.0132850509865,"PLAYER","TRIOS",10,12,14,2.01461550369974,2.58596783069994,3.53159075834705
"419",11.0132850509865,"NEUTRAL","TRIOS",13,15,17,2.06716532965892,2.59419143691458,3.33113341754545
"420",11.0132850509865,"HOUSE","TRIOS",16,18,22,2.03630977606958,2.4218889939911,3.35520670788874
"421",11.0132850509865,"PLAYER","QUADS",10,12,14,1.90110751216187,2.39634934347969,3.19343348872924
"422",11.0132850509865,"NEUTRAL","QUADS",13,15,18,1.94464980131401,2.41174043441835,3.47051749749792
"423",11.0132850509865,"HOUSE","QUADS",16,19,23,1.92624338822376,2.48263693252742,3.40265669414032
"424",11.085342710475,"PLAYER","DUOS",5,6,8,1.93464940870214,2.32858241231041,3.82239352250658
"425",11.085342710475,"NEUTRAL","DUOS",7,8,10,2.02852326944665,2.42944773161663,3.65609316683832
"426",11.085342710475,"HOUSE","DUOS",9,10,13,2.04908684852434,2.36118584939633,3.51337042807875
"427",11.085342710475,"PLAYER","TRIOS",10,12,14,2.00452137759514,2.56682837353975,3.49416898663261
"428",11.085342710475,"NEUTRAL","TRIOS",13,15,17,2.05448187872318,2.5739818137914,3.29942601823237
"429",11.085342710475,"HOUSE","TRIOS",16,18,22,2.02404834557647,2.4057844997659,3.33162493687238
"430",11.085342710475,"PLAYER","QUADS",11,12,14,2.10852925728055,2.37987073351108,3.16228815360951
"431",11.085342710475,"NEUTRAL","QUADS",13,15,18,1.93331485637861,2.39383817691246,3.43599211028856
"432",11.085342710475,"HOUSE","QUADS",17,19,23,2.08362259549054,2.46571524270132,3.37851811388124
"433",11.0925756551036,"PLAYER","DUOS",5,6,8,1.93390368759181,2.32730047104133,3.81847518736076
"434",11.0925756551036,"NEUTRAL","DUOS",7,8,10,2.0274554098588,2.42786426769169,3.65273791675923
"435",11.0925756551036,"HOUSE","DUOS",9,10,13,2.0479758631922,2.35978596583368,3.51114017889217
"436",11.0925756551036,"PLAYER","TRIOS",10,12,14,2.00351597366777,2.56492489591921,3.49045621661344
"437",11.0925756551036,"NEUTRAL","TRIOS",13,15,17,2.05321798210599,2.57196933445374,3.2962710427709
"438",11.0925756551036,"HOUSE","TRIOS",16,18,22,2.02282425816988,2.4041760368553,3.32926529060057
"439",11.0925756551036,"PLAYER","QUADS",11,12,14,2.10732437130722,2.37823131001214,3.1591959990431
"440",11.0925756551036,"NEUTRAL","QUADS",13,15,18,1.93218522995511,2.3920552263169,3.4325575041916
"441",11.0925756551036,"HOUSE","QUADS",17,19,23,2.08231426643412,2.46402506771506,3.37610248722796
"442",11.1318632915564,"PLAYER","DUOS",5,6,8,1.92986865792929,2.32036781319392,3.79732793307745
"443",11.1318632915564,"NEUTRAL","DUOS",7,8,10,2.02167665993203,2.41929784199896,3.63459875553374
"444",11.1318632915564,"HOUSE","DUOS",9,10,13,2.04195822334152,2.35220212052833,3.49904263955593
"445",11.1318632915564,"PLAYER","TRIOS",10,12,14,1.99807953765903,2.55464136129577,3.47042587295865
"446",11.1318632915564,"NEUTRAL","TRIOS",13,15,17,2.04638197601941,2.56108887879218,3.27922141784075
"447",11.1318632915564,"HOUSE","TRIOS",16,19,22,2.01619651167532,2.60764675621415,3.31647209949296
"448",11.1318632915564,"PLAYER","QUADS",11,12,14,2.10081086378648,2.3693725262212,3.14250733048494
"449",11.1318632915564,"NEUTRAL","QUADS",13,15,18,1.9260751095359,2.38241496257114,3.41399915716549
"450",11.1318632915564,"HOUSE","QUADS",17,19,23,2.07523034138588,2.45487108817103,3.3630049620065
"451",11.2766429128389,"PLAYER","DUOS",5,6,8,1.91522313742506,2.29525897994446,3.72133738650348
"452",11.2766429128389,"NEUTRAL","DUOS",7,8,10,2.00069282533509,2.38822739989711,3.56898569086249
"453",11.2766429128389,"HOUSE","DUOS",9,11,13,2.02002863973626,2.66969406704718,3.45470882013166
"454",11.2766429128389,"PLAYER","TRIOS",10,12,14,1.97840017734322,2.51754230904424,3.39855348497031
"455",11.2766429128389,"NEUTRAL","TRIOS",13,15,17,2.0216103350532,2.52172367446439,3.21764587902651
"456",11.2766429128389,"HOUSE","TRIOS",16,19,22,1.99207967966326,2.57194960381702,3.26967950811461
"457",11.2766429128389,"PLAYER","QUADS",11,13,15,2.07725476718123,2.66503458400947,3.62344619466236
"458",11.2766429128389,"NEUTRAL","QUADS",13,16,18,1.90392906389309,2.62887115830513,3.34700898379477
"459",11.2766429128389,"HOUSE","QUADS",17,19,23,2.04945286303072,2.42152502207419,3.31508757553162
"460",11.363514419399,"PLAYER","DUOS",5,6,8,1.90660180129284,2.28051760655465,3.6771577199725
"461",11.363514419399,"NEUTRAL","DUOS",7,8,10,1.98833351405055,2.36995369251253,3.53052695066046
"462",11.363514419399,"HOUSE","DUOS",9,11,13,2.00705481355929,2.64974539777316,3.42829848526945
"463",11.363514419399,"PLAYER","TRIOS",10,12,14,1.96685424873942,2.49586792899395,3.3568438892588
"464",11.363514419399,"NEUTRAL","TRIOS",13,15,17,2.00705785918592,2.49864375721294,3.1816244311227
"465",11.363514419399,"HOUSE","TRIOS",16,19,22,1.97783880211899,2.55082577145075,3.2418726736869
"466",11.363514419399,"PLAYER","QUADS",11,13,15,2.06345049219757,2.63960642163578,3.57492336373996
"467",11.363514419399,"NEUTRAL","QUADS",14,16,18,2.09152490956861,2.60338886310042,3.30784509083641
"468",11.363514419399,"HOUSE","QUADS",17,20,23,2.0342309541265,2.60630120695178,3.28660391039438
"469",11.4135105204873,"PLAYER","DUOS",5,6,8,1.90169565273124,2.27214169940006,3.65219689600944
"470",11.4135105204873,"NEUTRAL","DUOS",7,8,10,1.98129794132753,2.35956015493776,3.50869622493492
"471",11.4135105204873,"HOUSE","DUOS",9,11,13,1.99965038725809,2.63834548495326,3.41316539876979
"472",11.4135105204873,"PLAYER","TRIOS",10,12,14,1.96029660297782,2.48358777085062,3.33330346862785
"473",11.4135105204873,"NEUTRAL","TRIOS",13,15,17,1.99878640514633,2.48554058272368,3.16120062757493
"474",11.4135105204873,"HOUSE","TRIOS",16,19,22,1.96972031867093,2.53876881641581,3.22596255158588
"475",11.4135105204873,"PLAYER","QUADS",11,13,15,2.0556155022249,2.6252127632048,3.54757244992974
"476",11.4135105204873,"NEUTRAL","QUADS",14,16,18,2.08222739996528,2.58892726995032,3.28564787386073
"477",11.4135105204873,"HOUSE","QUADS",17,20,23,2.02555309443242,2.59372052144841,3.27030379823112
"478",11.5234226861992,"PLAYER","DUOS",5,7,8,1.89105051055415,2.78831100104176,3.59848284374961
"479",11.5234226861992,"NEUTRAL","DUOS",7,8,10,1.96602685487362,2.33702252467481,3.46146663136106
"480",11.5234226861992,"HOUSE","DUOS",9,11,13,1.98353114053557,2.6134915055881,3.38007083114684
"481",11.5234226861992,"PLAYER","TRIOS",10,12,14,1.94610007346635,2.45707697718694,3.28270731739589
"482",11.5234226861992,"NEUTRAL","TRIOS",13,15,18,1.98086431781127,2.45718731528903,3.53713559871279
"483",11.5234226861992,"HOUSE","TRIOS",16,19,23,1.95206959682379,2.51251930086322,3.43533678764656
"484",11.5234226861992,"PLAYER","QUADS",11,13,15,2.0386668386839,2.5941720750686,3.48887130175549
"485",11.5234226861992,"NEUTRAL","QUADS",14,16,18,2.06209062795038,2.55764829165774,3.23770961157843
"486",11.5234226861992,"HOUSE","QUADS",17,20,23,2.00668601876506,2.56632752992551,3.23471102233043
"487",11.6552557929824,"PLAYER","DUOS",5,7,8,1.87853272433859,2.75230868669304,3.53608784215411
"488",11.6552557929824,"NEUTRAL","DUOS",7,8,10,1.94805951704807,2.31054456199189,3.406170917627
"489",11.6552557929824,"HOUSE","DUOS",9,11,13,1.96448251682946,2.58405712588747,3.34069866746749
"490",11.6552557929824,"PLAYER","TRIOS",10,12,14,1.92946218308384,2.42613590293908,3.22404006994714
"491",11.6552557929824,"NEUTRAL","TRIOS",13,15,18,1.95983349760372,2.42398241101316,3.47313471522746
"492",11.6552557929824,"HOUSE","TRIOS",16,19,23,1.93125225288443,2.48149839680741,3.39125759238844
"493",11.6552557929824,"PLAYER","QUADS",11,13,15,2.01882642786084,2.55800079441569,3.42095140527708
"494",11.6552557929824,"NEUTRAL","QUADS",14,16,18,2.03847590561257,2.52104107781298,3.18173159893763
"495",11.6552557929824,"HOUSE","QUADS",17,20,24,1.98443392199247,2.53394985004736,3.42843439987579
"496",11.8222404695675,"PLAYER","DUOS",5,7,8,1.86305964064065,2.70815472748968,3.46008754256279
"497",11.8222404695675,"NEUTRAL","DUOS",7,9,10,1.92583560697861,2.73783285211949,3.33818455729669
"498",11.8222404695675,"HOUSE","DUOS",9,11,13,1.94079642172025,2.54736303273323,3.29134810399222
"499",11.8222404695675,"PLAYER","TRIOS",10,12,14,1.90898010142173,2.38823541450307,3.15273606176027
"500",11.8222404695675,"NEUTRAL","TRIOS",13,15,18,1.93390404896336,2.38314268988104,3.39475039197233
"501",11.8222404695675,"HOUSE","TRIOS",17,19,23,2.07004453700077,2.44292843966389,3.33606035209554
"502",11.8222404695675,"PLAYER","QUADS",11,13,15,1.9944357496471,2.51377689904686,3.33861173100942
"503",11.8222404695675,"NEUTRAL","QUADS",14,16,19,2.00938307610934,2.47605273337143,3.5144072260301
"504",11.8222404695675,"HOUSE","QUADS",17,20,24,1.95683180100706,2.49368531744412,3.37210277393822
"505",11.9867304970398,"PLAYER","DUOS",5,7,8,1.84822396741479,2.66617668212395,3.38836166400084
"506",11.9867304970398,"NEUTRAL","DUOS",7,9,10,1.90451189952341,2.69256751382582,3.27337909356127
"507",11.9867304970398,"HOUSE","DUOS",9,11,13,1.91794005214512,2.51185862863738,3.24331911268602
"508",11.9867304970398,"PLAYER","TRIOS",11,12,15,2.09527993083621,2.35225119262684,3.61552545994358
"509",11.9867304970398,"NEUTRAL","TRIOS",13,16,18,1.90911260718775,2.6195078272093,3.3203501324068
"510",11.9867304970398,"HOUSE","TRIOS",17,19,23,2.04128214619473,2.4057183880425,3.28240435388123
"511",11.9867304970398,"PLAYER","QUADS",11,13,15,1.97118844062037,2.47187376274267,3.26129726019655
"512",11.9867304970398,"NEUTRAL","QUADS",14,16,19,1.98159040318317,2.433190337587,3.43432922284813
"513",11.9867304970398,"HOUSE","QUADS",17,20,24,1.93026887038682,2.45483315106867,3.3173253837058
"514",12.0250302822894,"PLAYER","DUOS",6,7,8,2.17573235275162,2.6566113610335,3.37208954814956
"515",12.0250302822894,"NEUTRAL","DUOS",7,9,10,1.89962611371988,2.682222223854,3.25858962609378
"516",12.0250302822894,"HOUSE","DUOS",9,11,13,1.91268520802413,2.50368293892755,3.23222104598976
"517",12.0250302822894,"PLAYER","TRIOS",11,13,15,2.08922420183117,2.66408517009089,3.59442253104857
"518",12.0250302822894,"NEUTRAL","TRIOS",14,16,18,2.10220390485289,2.60845403359557,3.30341470156413
"519",12.0250302822894,"HOUSE","TRIOS",17,20,23,2.03467822954931,2.59880006291086,3.27001558664849
"520",12.0250302822894,"PLAYER","QUADS",11,13,15,1.96588328058215,2.46234492171786,3.24381070064751
"521",12.0250302822894,"NEUTRAL","QUADS",14,16,19,1.97523928680777,2.42341146569512,3.41611082039836
"522",12.0250302822894,"HOUSE","QUADS",17,20,24,1.92417206512354,2.44590173821704,3.30467520316967
"523",12.085965307518,"PLAYER","DUOS",6,7,8,2.1667053977068,2.64155167480499,3.34652433889661
"524",12.085965307518,"NEUTRAL","DUOS",7,9,10,1.89191355989568,2.66591132821638,3.23528832095728
"525",12.085965307518,"HOUSE","DUOS",9,11,13,1.90437649681083,2.49074620255486,3.21463108088024
"526",12.085965307518,"PLAYER","TRIOS",11,13,15,2.07968570593782,2.64660858112531,3.56134560360401
"527",12.085965307518,"NEUTRAL","TRIOS",14,16,18,2.09098293305336,2.5910439173568,3.27676550892952
"528",12.085965307518,"HOUSE","TRIOS",17,20,23,2.02424323993109,2.58367603342403,3.25038761331368
"529",12.085965307518,"PLAYER","QUADS",11,13,15,1.95752490134804,2.44735734175803,3.2163774489382
"530",12.085965307518,"NEUTRAL","QUADS",14,16,19,1.96522645115178,2.40800671538083,3.38744993252889
"531",12.085965307518,"HOUSE","QUADS",18,20,24,2.07360358397443,2.43178094526524,3.28463121675221
"532",12.2056776284018,"PLAYER","DUOS",6,7,8,2.14925969633087,2.61252234681636,3.2974289972865
"533",12.2056776284018,"NEUTRAL","DUOS",7,9,10,1.8769760611768,2.63439008085884,3.19031548066894
"534",12.2056776284018,"HOUSE","DUOS",9,11,13,1.88823711281316,2.4655835025255,3.18031648141118
"535",12.2056776284018,"PLAYER","TRIOS",11,13,15,2.06128434619105,2.61300866591396,3.49809162244645
"536",12.2056776284018,"NEUTRAL","TRIOS",14,16,18,2.06930564506486,2.55746055852763,3.22544631875813
"537",12.2056776284018,"HOUSE","TRIOS",17,20,24,2.00399784018423,2.55428561818043,3.44747830676746
"538",12.2056776284018,"PLAYER","QUADS",11,13,15,1.94139286665791,2.41851785075477,3.16383196103413
"539",12.2056776284018,"NEUTRAL","QUADS",14,16,19,1.94587867521347,2.37828228614737,3.33228163725526
"540",12.2056776284018,"HOUSE","QUADS",18,21,24,2.05214458555793,2.5992806141669,3.24555180763348
"541",12.244769497027,"PLAYER","DUOS",6,7,8,2.14364435733623,2.60319959903115,3.28171345880537
"542",12.244769497027,"NEUTRAL","DUOS",7,9,10,1.87215904697138,2.62424471190002,3.17585684315824
"543",12.244769497027,"HOUSE","DUOS",9,11,13,1.883019225257,2.45743903413693,3.16918141763467
"544",12.244769497027,"PLAYER","TRIOS",11,13,15,2.05537067915896,2.60224276794656,3.47791789310262
"545",12.244769497027,"NEUTRAL","TRIOS",14,16,18,2.06233077090165,2.54666899388631,3.20897976980135
"546",12.244769497027,"HOUSE","TRIOS",17,20,24,1.99745940934226,2.54478050159713,3.43426369012194
"547",12.244769497027,"PLAYER","QUADS",11,13,15,1.93620645054551,2.40927033207518,3.1470502251339
"548",12.244769497027,"NEUTRAL","QUADS",14,17,19,1.93965209678123,2.63748323716881,3.31458704622467
"549",12.244769497027,"HOUSE","QUADS",18,21,24,2.04521416418963,2.58941712549911,3.23287732566005
"550",12.2942020354833,"PLAYER","DUOS",6,7,8,2.1366002467992,2.59151923688065,3.26205879095325
"551",12.2942020354833,"NEUTRAL","DUOS",7,9,10,1.86611017455569,2.61151838315631,3.15773120215531
"552",12.2942020354833,"HOUSE","DUOS",9,11,13,1.87645778359503,2.44719107022766,3.15515090182365
"553",12.2942020354833,"PLAYER","TRIOS",11,13,15,2.04795874298953,2.58877126052694,3.4527380296458
"554",12.2942020354833,"NEUTRAL","TRIOS",14,16,18,2.05358298975501,2.53314419118801,3.18835936179602
"555",12.2942020354833,"HOUSE","TRIOS",17,20,24,1.9892422757224,2.53282597874843,3.41760819110349
"556",12.2942020354833,"PLAYER","QUADS",11,13,15,1.92970461622524,2.39769404927819,3.12608823664924
"557",12.2942020354833,"NEUTRAL","QUADS",14,17,19,1.93184195527525,2.62274317344232,3.29243364753906
"558",12.2942020354833,"HOUSE","QUADS",18,21,25,2.03650438099717,2.57701127330751,3.44502048828236
"559",12.4131418285635,"PLAYER","DUOS",6,7,8,2.11990663704266,2.56390247202395,3.21574275714264
"560",12.4131418285635,"NEUTRAL","DUOS",8,9,10,2.16933787381518,2.58136088729246,3.1148292199866
"561",12.4131418285635,"HOUSE","DUOS",10,11,14,2.12293992390043,2.42276576358613,3.50606042953186
"562",12.4131418285635,"PLAYER","TRIOS",11,13,15,2.0304220165326,2.55699467750808,3.39362335988291
"563",12.4131418285635,"NEUTRAL","TRIOS",14,16,19,2.03286009960734,2.50114861543429,3.5414451893993
"564",12.4131418285635,"HOUSE","TRIOS",17,20,24,1.9697020575152,2.50435851118482,3.37778771634598
"565",12.4131418285635,"PLAYER","QUADS",11,13,16,1.91431499180219,2.37036700910567,3.57811096980947
"566",12.4131418285635,"NEUTRAL","QUADS",14,17,19,1.91333642945735,2.58788734991978,3.2401269634227
"567",12.4131418285635,"HOUSE","QUADS",18,21,25,2.01579263802545,2.54746644453166,3.40449443773871
"568",12.5200223196532,"PLAYER","DUOS",6,7,8,2.10520723430761,2.53965922909761,3.17526324958642
"569",12.5200223196532,"NEUTRAL","DUOS",8,9,10,2.1508405205113,2.55480899418492,3.07711546522272
"570",12.5200223196532,"HOUSE","DUOS",10,11,14,2.1053532215531,2.40109599271107,3.47280712534621
"571",12.5200223196532,"PLAYER","TRIOS",11,13,15,2.01501365670508,2.52918693404984,3.34221223576537
"572",12.5200223196532,"NEUTRAL","TRIOS",14,16,19,2.0146226894447,2.47304171632838,3.48899575189304
"573",12.5200223196532,"HOUSE","TRIOS",17,20,24,1.95241877622395,2.47913330052692,3.34231757007055
"574",12.5200223196532,"PLAYER","QUADS",12,14,16,2.10041483064957,2.65156785613122,3.5196347572538
"575",12.5200223196532,"NEUTRAL","QUADS",15,17,19,2.08501756197577,2.55728501634629,3.19429616043408
"576",12.5200223196532,"HOUSE","QUADS",18,21,25,1.99747323758773,2.52128369612164,3.36838960036478
"577",12.652692601521,"PLAYER","DUOS",6,7,8,2.08734813974492,2.51029819080287,3.12646107051571
"578",12.652692601521,"NEUTRAL","DUOS",8,9,11,2.12833676459681,2.52255414552742,3.68826609234997
"579",12.652692601521,"HOUSE","DUOS",10,11,14,2.08384054197392,2.37456304042688,3.43184060757266
"580",12.652692601521,"PLAYER","TRIOS",11,13,15,1.99633561663542,2.49561830841077,3.28054549752762
"581",12.652692601521,"NEUTRAL","TRIOS",14,16,19,1.99247824920168,2.43897824802375,3.42563830105898
"582",12.652692601521,"HOUSE","TRIOS",17,20,24,1.93132354533215,2.44828772768358,3.29871097465733
"583",12.652692601521,"PLAYER","QUADS",12,14,16,2.07861347701312,2.61307216745531,3.4496268371456
"584",12.652692601521,"NEUTRAL","QUADS",15,17,20,2.06051504755524,2.52021904723057,3.52458894164975
"585",12.652692601521,"HOUSE","QUADS",18,21,25,1.97511365516053,2.48926386606627,3.32399516869164
"586",12.6961709183099,"PLAYER","DUOS",6,7,8,2.08158687044173,2.50084821938069,3.11080555244669
"587",12.6961709183099,"NEUTRAL","DUOS",8,9,11,2.12107006987319,2.51215003618814,3.6675414529095
"588",12.6961709183099,"HOUSE","DUOS",10,11,14,2.07686644007364,2.3659554820087,3.41849186459657
"589",12.6961709183099,"PLAYER","TRIOS",11,13,15,1.99032013362594,2.48483964812732,3.26083585282378
"590",12.6961709183099,"NEUTRAL","TRIOS",14,16,19,1.98533774660286,2.42800967453875,3.40528566184258
"591",12.6961709183099,"HOUSE","TRIOS",17,20,24,1.92449575956031,2.43829100991615,3.28452396599085
"592",12.6961709183099,"PLAYER","QUADS",12,14,16,2.07159766965253,2.60072433188497,3.4272818814976
"593",12.6961709183099,"NEUTRAL","QUADS",15,17,20,2.0526174928724,2.50828877993661,3.50290913663867
"594",12.6961709183099,"HOUSE","QUADS",18,21,25,1.96787674388797,2.47888584472253,3.30955013216819
"595",12.8581956941764,"PLAYER","DUOS",6,7,8,2.06050543852989,2.46635939506255,3.05388126881577
"596",12.8581956941764,"NEUTRAL","DUOS",8,9,11,2.09445070318059,2.47408514526961,3.59193328708158
"597",12.8581956941764,"HOUSE","DUOS",10,12,14,2.05120428317223,2.65172989518845,3.36908929913815
"598",12.8581956941764,"PLAYER","TRIOS",11,13,15,1.96835022673343,2.44560740106417,3.189468045603
"599",12.8581956941764,"NEUTRAL","TRIOS",14,16,19,1.95922337000114,2.38795885268744,3.33117294835882
"600",12.8581956941764,"HOUSE","TRIOS",18,21,24,2.05378922191897,2.5939275467806,3.23211455812298
"601",12.8581956941764,"PLAYER","QUADS",12,14,16,2.0459974053181,2.55583343808442,3.34649601921487
"602",12.8581956941764,"NEUTRAL","QUADS",15,17,20,2.02374826032888,2.46474782305035,3.42400078300273
"603",12.8581956941764,"HOUSE","QUADS",18,21,25,1.94129748257765,2.44071087558675,3.25618065309603
"604",12.9413274614647,"PLAYER","DUOS",6,7,8,2.04992191015738,2.4490981550115,3.02551607370427
"605",12.9413274614647,"NEUTRAL","DUOS",8,9,11,2.08106963089065,2.45497891764016,3.55411123439994
"606",12.9413274614647,"HOUSE","DUOS",10,12,14,2.03823626693887,2.6324983791974,3.34395585223184
"607",12.9413274614647,"PLAYER","TRIOS",11,13,15,1.95734550539798,2.42603463221215,3.15407970301786
"608",12.9413274614647,"NEUTRAL","TRIOS",14,17,19,1.94612167114779,2.63154329664172,3.29418104533307
"609",12.9413274614647,"HOUSE","TRIOS",18,21,25,2.03926644941667,2.57326036171062,3.4310863031825
"610",12.9413274614647,"PLAYER","QUADS",12,14,16,2.03318783212486,2.53346860939665,3.30650992221134
"611",12.9413274614647,"NEUTRAL","QUADS",15,17,20,2.00927267842054,2.44295700711804,3.38463729728585
"612",12.9413274614647,"HOUSE","QUADS",18,21,25,1.92789610796166,2.42142833679623,3.2290846531464
"613",12.9906113817803,"PLAYER","DUOS",6,7,8,2.04372063937988,2.43900063873833,3.00896135700002
"614",12.9906113817803,"NEUTRAL","DUOS",8,9,11,2.07322380841159,2.44378507336419,3.53199245241987
"615",12.9906113817803,"HOUSE","DUOS",10,12,14,2.03061140887225,2.62117725737707,3.32912565890593
"616",12.9906113817803,"PLAYER","TRIOS",11,13,15,1.95090520341391,2.41460428665538,3.13347952102956
"617",12.9906113817803,"NEUTRAL","TRIOS",14,17,19,1.93844765340157,2.61712049999485,3.27257329793639
"618",12.9906113817803,"HOUSE","TRIOS",18,21,25,2.03073582820187,2.56110645877104,3.41441799960835
"619",12.9906113817803,"PLAYER","QUADS",12,14,16,2.02569547957593,2.52041727277911,3.28325537826832
"620",12.9906113817803,"NEUTRAL","QUADS",15,17,20,2.00079651218719,2.43021033671126,3.36165114052375
"621",12.9906113817803,"HOUSE","QUADS",19,22,26,2.07131106521326,2.5966725036199,3.4322703301464
"622",13.1103590989681,"PLAYER","DUOS",6,7,9,2.02887584195573,2.41487815684792,3.79165189377454
"623",13.1103590989681,"NEUTRAL","DUOS",8,9,11,2.05442614199698,2.41699266911256,3.47917247874675
"624",13.1103590989681,"HOUSE","DUOS",10,12,14,2.01227924028121,2.59391803406926,3.29331244348519
"625",13.1103590989681,"PLAYER","TRIOS",11,13,16,1.93551161322453,2.38735575087628,3.57742712784197
"626",13.1103590989681,"NEUTRAL","TRIOS",14,17,19,1.92008580672044,2.58267834179453,3.22105045974583
"627",13.1103590989681,"HOUSE","TRIOS",18,21,25,2.01025168839232,2.53188009241022,3.37417898999002
"628",13.1103590989681,"PLAYER","QUADS",12,14,16,2.00779984712022,2.48933290336155,3.22810615659832
"629",13.1103590989681,"NEUTRAL","QUADS",15,17,20,1.98052309008459,2.3997615707604,3.3068622287265
"630",13.1103590989681,"HOUSE","QUADS",19,22,26,2.04976172773637,2.56649577533986,3.39141548653151
"631",13.1116430260047,"PLAYER","DUOS",6,7,9,2.02871836722427,2.41462263552268,3.79095256692319
"632",13.1116430260047,"NEUTRAL","DUOS",8,9,11,2.05422661340551,2.41670848290636,3.47861313860803
"633",13.1116430260047,"HOUSE","DUOS",10,12,14,2.0120841686954,2.59362766755361,3.2929301670018
"634",13.1116430260047,"PLAYER","TRIOS",11,13,16,1.93534849444689,2.38706755471366,3.57672560649919
"635",13.1116430260047,"NEUTRAL","TRIOS",14,17,19,1.91989108802633,2.58231361190454,3.22050543733192
"636",13.1116430260047,"HOUSE","TRIOS",18,21,25,2.0100339146265,2.53156906350868,3.37374957831999
"637",13.1116430260047,"PLAYER","QUADS",12,14,16,2.00761031016508,2.48900435116702,3.22752501679746
"638",13.1116430260047,"NEUTRAL","QUADS",15,17,20,1.98030815879195,2.39943905919035,3.30628281382147
"639",13.1116430260047,"HOUSE","QUADS",19,22,26,2.04953263049863,2.56617461864333,3.39097947861665
"640",13.1853790051346,"PLAYER","DUOS",6,7,9,2.01973395489656,2.40005726097567,3.75121075892973
"641",13.1853790051346,"NEUTRAL","DUOS",8,9,11,2.04283868037281,2.40049586922132,3.44673529236862
"642",13.1853790051346,"HOUSE","DUOS",10,12,14,2.00093375065905,2.577019663114,3.27103759932459
"643",13.1853790051346,"PLAYER","TRIOS",11,13,16,1.92604826981544,2.37065484898917,3.5368904244606
"644",13.1853790051346,"NEUTRAL","TRIOS",15,17,19,2.09484757260985,2.56152686345325,3.18946382792693
"645",13.1853790051346,"HOUSE","TRIOS",18,21,25,1.99759277312421,2.51378956602037,3.34916166590169
"646",13.1853790051346,"PLAYER","QUADS",12,14,16,1.99680713771447,2.47030076950822,3.19450314707023
"647",13.1853790051346,"NEUTRAL","QUADS",15,17,20,1.96805027628728,2.38105597519458,3.27328785338239
"648",13.1853790051346,"HOUSE","QUADS",19,22,26,2.03644464497417,2.54781571917835,3.36601304836797
"649",13.32079528895,"PLAYER","DUOS",6,7,9,2.0035337040603,2.3738575772726,3.68032185112383
"650",13.32079528895,"NEUTRAL","DUOS",8,9,11,2.0222835790326,2.37126763650179,3.38942572405921
"651",13.32079528895,"HOUSE","DUOS",10,12,14,1.98072337274133,2.54686553488586,3.23115086873945
"652",13.32079528895,"PLAYER","TRIOS",11,14,16,1.90930947634843,2.63542410264929,3.46598841486099
"653",13.32079528895,"NEUTRAL","TRIOS",15,17,20,2.07008634165421,2.52415613039686,3.51304759292067
"654",13.32079528895,"HOUSE","TRIOS",18,21,25,1.97507805148458,2.48156081255873,3.30438613083788
"655",13.32079528895,"PLAYER","QUADS",12,14,16,1.97737955682364,2.43677981012479,3.13561866778993
"656",13.32079528895,"NEUTRAL","QUADS",15,18,20,1.94597062488911,2.59653295550987,3.21410402803035
"657",13.32079528895,"HOUSE","QUADS",19,22,26,2.01275967769078,2.51453452196407,3.32054428273036
"658",13.395522548185,"PLAYER","DUOS",6,7,9,1.99475682048154,2.35969745948477,3.64232499798748
"659",13.395522548185,"NEUTRAL","DUOS",8,9,11,2.011136111579,2.35543566656521,3.3584694982848
"660",13.395522548185,"HOUSE","DUOS",10,12,14,1.96971760009867,2.53041723816746,3.2093195598823
"661",13.395522548185,"PLAYER","TRIOS",12,14,16,2.09110988985529,2.61437217843491,3.42806589501359
"662",13.395522548185,"NEUTRAL","TRIOS",15,17,20,2.05668920446102,2.50396966287585,3.47652344762628
"663",13.395522548185,"HOUSE","TRIOS",18,21,25,1.96283668917397,2.4640096982107,3.27989212469585
"664",13.395522548185,"PLAYER","QUADS",12,14,17,1.96688227453874,2.41872824813363,3.5821649952245
"665",13.395522548185,"NEUTRAL","QUADS",15,18,20,1.93402109487092,2.57480689400297,3.18220758276683
"666",13.395522548185,"HOUSE","QUADS",19,22,26,1.99988229986484,2.49640920225945,3.29566905237708
"667",13.573923011031,"PLAYER","DUOS",6,7,9,1.9742597697308,2.32672186541585,3.55468839273551
"668",13.573923011031,"NEUTRAL","DUOS",8,9,11,1.98507221481102,2.318471717352,3.28643235465513
"669",13.573923011031,"HOUSE","DUOS",10,12,15,1.94386062672166,2.49169906762476,3.52038443762938
"670",13.573923011031,"PLAYER","TRIOS",12,14,16,2.06319556363287,2.56561317165868,3.34081874795242
"671",13.573923011031,"NEUTRAL","TRIOS",15,17,20,2.0254521007387,2.45699329015641,3.39180676887364
"672",13.573923011031,"HOUSE","TRIOS",18,21,26,1.93413112349162,2.42277727786676,3.43998661575594
"673",13.573923011031,"PLAYER","QUADS",12,14,17,1.94244459366423,2.37686847094444,3.48479925682166
"674",13.573923011031,"NEUTRAL","QUADS",16,18,21,2.08381428268677,2.52427605247597,3.46816020347558
"675",13.573923011031,"HOUSE","QUADS",19,22,26,1.96968624099411,2.45382526434863,3.23691907219431
"676",13.7967175914069,"PLAYER","DUOS",6,7,9,1.94953735857885,2.28712107139651,3.45099026228407
"677",13.7967175914069,"NEUTRAL","DUOS",8,10,11,1.95357820548958,2.68162960205566,3.20002869021126
"678",13.7967175914069,"HOUSE","DUOS",10,12,15,1.91238383620617,2.44442911666098,3.45030624286655
"679",13.7967175914069,"PLAYER","TRIOS",12,14,16,2.02972549264315,2.50754795391188,3.23797780440923
"680",13.7967175914069,"NEUTRAL","TRIOS",15,17,20,1.98787053402233,2.40064585616007,3.29071251387592
"681",13.7967175914069,"HOUSE","TRIOS",19,22,26,2.04534763375254,2.55303351411101,3.36467495342734
"682",13.7967175914069,"PLAYER","QUADS",12,15,17,1.91311337686496,2.60405598273598,3.37034656720194
"683",13.7967175914069,"NEUTRAL","QUADS",16,18,21,2.04279938153246,2.46371817211968,3.3616145219532
"684",13.7967175914069,"HOUSE","QUADS",19,23,27,1.93303983399058,2.57954305452161,3.37307477301582
"685",13.9712935697223,"PLAYER","DUOS",6,8,9,1.93081928563692,2.71578596030081,3.37389855137424
"686",13.9712935697223,"NEUTRAL","DUOS",8,10,11,1.92969156948364,2.63459050352592,3.1349666788388
"687",13.9712935697223,"HOUSE","DUOS",10,12,15,1.88834007799068,2.40822452738932,3.39610375965922
"688",13.9712935697223,"PLAYER","TRIOS",12,14,16,2.00452888117171,2.46411994323363,3.1618048877453
"689",13.9712935697223,"NEUTRAL","TRIOS",15,18,20,1.95948721424725,2.6043579151122,3.21496626239786
"690",13.9712935697223,"HOUSE","TRIOS",19,22,26,2.01507860184669,2.51053808768747,3.30658821627058
"691",13.9712935697223,"PLAYER","QUADS",13,15,17,2.07120708616062,2.55529313407,3.28579324631732
"692",13.9712935697223,"NEUTRAL","QUADS",16,18,21,2.01184914508295,2.41815475368381,3.28184785232732
"693",13.9712935697223,"HOUSE","QUADS",20,23,27,2.04671672665432,2.53586695243648,3.31422764893139
"694",14.1201075009295,"PLAYER","DUOS",6,8,9,1.91530090823178,2.67667150739735,3.31089217822915
"695",14.1201075009295,"NEUTRAL","DUOS",8,10,11,1.90986094943202,2.59568132308778,3.08126254337422
"696",14.1201075009295,"HOUSE","DUOS",11,12,15,2.10729374891258,2.37793748931186,3.3504134848796
"697",14.1201075009295,"PLAYER","TRIOS",12,14,17,1.98373396277008,2.428460872096,3.56578789880176
"698",14.1201075009295,"NEUTRAL","TRIOS",15,18,21,1.93600311361239,2.56181926558241,3.51684585605878
"699",14.1201075009295,"HOUSE","TRIOS",19,22,26,1.98985865515491,2.475041911871,3.25773874951298
"700",14.1201075009295,"PLAYER","QUADS",13,15,17,2.0474896015678,2.51531804963281,3.21702751014084
"701",14.1201075009295,"NEUTRAL","QUADS",16,19,21,1.98625836713167,2.62205776501367,3.21630898483636
"702",14.1201075009295,"HOUSE","QUADS",20,23,27,2.02036597197981,2.49938278760964,3.26473698234529
"703",14.4891860148952,"PLAYER","DUOS",6,8,9,1.87847445548035,2.58495130124153,3.1645729892109
"704",14.4891860148952,"NEUTRAL","DUOS",9,10,12,2.14593011663521,2.50367556692406,3.52330394998283
"705",14.4891860148952,"HOUSE","DUOS",11,13,15,2.04731201935623,2.5921015244417,3.23923338712927
"706",14.4891860148952,"PLAYER","TRIOS",12,15,17,1.93472937311168,2.61925681148918,3.37492366686311
"707",14.4891860148952,"NEUTRAL","TRIOS",16,18,21,2.0480420759634,2.46175107786579,3.34121624110291
"708",14.4891860148952,"HOUSE","TRIOS",20,23,27,2.0722039744847,2.56416239436353,3.34431942423791
"709",14.4891860148952,"PLAYER","QUADS",13,15,18,1.99170603327072,2.42206518063619,3.49300360279094
"710",14.4891860148952,"NEUTRAL","QUADS",16,19,22,1.92578416341079,2.51552065336005,3.3968761862586
"711",14.4891860148952,"HOUSE","QUADS",20,24,28,1.95737522710261,2.58288003519111,3.34442494861317
"712",14.9998220147163,"PLAYER","DUOS",7,8,10,2.10009559679702,2.46937932935779,3.71644397601878
"713",14.9998220147163,"NEUTRAL","DUOS",9,10,12,2.06087092274697,2.3862110330985,3.30474980836569
"714",14.9998220147163,"HOUSE","DUOS",11,13,16,1.9688320372389,2.47847858096671,3.42409840836984
"715",14.9998220147163,"PLAYER","TRIOS",13,15,17,2.03942040815337,2.48358090524458,3.14255677252823
"716",14.9998220147163,"NEUTRAL","TRIOS",16,19,22,1.96158166091761,2.56294813912794,3.46187378576255
"717",14.9998220147163,"HOUSE","TRIOS",20,23,28,1.98342656257917,2.44123235914009,3.3769783776884
"718",14.9998220147163,"PLAYER","QUADS",13,16,18,1.92109290700105,2.55798853883317,3.23895264203442
"719",14.9998220147163,"NEUTRAL","QUADS",17,20,23,2.00342445138515,2.60980167774827,3.50560612600951
"720",14.9998220147163,"HOUSE","QUADS",21,24,29,2.00651873527455,2.45707422808281,3.36989647626721
"721",15.3900392447215,"PLAYER","DUOS",7,8,10,2.04790891324087,2.38898256724665,3.51958975248783
"722",15.3900392447215,"NEUTRAL","DUOS",9,11,12,2.0006775270492,2.68137045147987,3.15253795448424
"723",15.3900392447215,"HOUSE","DUOS",11,13,16,1.91225203579531,2.39604154075985,3.30334490668588
"724",15.3900392447215,"PLAYER","TRIOS",13,15,18,1.98314806301502,2.39034288065298,3.38853973777616
"725",15.3900392447215,"NEUTRAL","TRIOS",17,19,22,2.06233492040165,2.45675445300585,3.28053509612066
"726",15.3900392447215,"HOUSE","TRIOS",21,24,28,2.05430697181603,2.51584618932066,3.24697732999471
"727",15.3900392447215,"PLAYER","QUADS",14,16,19,2.03293001814215,2.45527708229181,3.48132660383316
"728",15.3900392447215,"NEUTRAL","QUADS",17,20,23,1.93804627179799,2.49784401427577,3.31772346859148
"729",15.3900392447215,"HOUSE","QUADS",21,25,30,1.9404791668119,2.52618315286707,3.43017080328727
"730",15.6582578395459,"PLAYER","DUOS",7,8,10,2.0141322308333,2.33731792272762,3.39598426599383
"731",15.6582578395459,"NEUTRAL","DUOS",9,11,13,1.96154510083759,2.60869988894408,3.60922711458747
"732",15.6582578395459,"HOUSE","DUOS",12,14,16,2.09483043514731,2.61383689016323,3.22238833290481
"733",15.6582578395459,"PLAYER","TRIOS",13,16,18,1.94694921154273,2.58270599972226,3.2605867279949
"734",15.6582578395459,"NEUTRAL","TRIOS",17,20,23,2.01492411531146,2.61476243472598,3.49815685898722
"735",15.6582578395459,"HOUSE","TRIOS",21,24,29,2.00732698428877,2.45164025797646,3.35226123659223
"736",15.6582578395459,"PLAYER","QUADS",14,16,19,1.99248677420832,2.38999898594268,3.34333418311752
"737",15.6582578395459,"NEUTRAL","QUADS",18,20,23,2.05082446029381,2.42599093224544,3.1980600649848
"738",15.6582578395459,"HOUSE","QUADS",22,25,30,2.02473056818337,2.46073822365656,3.33796469024206
"739",15.7624118317151,"PLAYER","DUOS",7,8,10,2.00145159210798,2.31799617216152,3.35032686353911
"740",15.7624118317151,"NEUTRAL","DUOS",9,11,13,1.94681854040688,2.5814599066217,3.56030590659688
"741",15.7624118317151,"HOUSE","DUOS",12,14,16,2.07755486937562,2.58960582260413,3.19141998519263
"742",15.7624118317151,"PLAYER","TRIOS",13,16,18,1.93340486878318,2.5544070066616,3.21351632701285
"743",15.7624118317151,"NEUTRAL","TRIOS",17,20,23,1.99715226830422,2.5843279177034,3.4470813905061
"744",15.7624118317151,"HOUSE","TRIOS",21,24,29,1.989564167161,2.42730166944068,3.31723981465786
"745",15.7624118317151,"PLAYER","QUADS",14,17,19,1.9773724300056,2.61831748463623,3.29266479977647
"746",15.7624118317151,"NEUTRAL","QUADS",18,20,24,2.03187414934924,2.39914212884119,3.47455818218924
"747",15.7624118317151,"HOUSE","QUADS",22,25,30,2.00639060686051,2.4359316291185,3.30270329594516
"748",16.0237347234804,"PLAYER","DUOS",7,9,10,1.97066136961963,2.67887080338144,3.24112057054356
"749",16.0237347234804,"NEUTRAL","DUOS",9,11,13,1.91098037394287,2.51541780911199,3.4422211368651
"750",16.0237347234804,"HOUSE","DUOS",12,14,17,2.03521557803561,2.53005078278291,3.43104387294451
"751",16.0237347234804,"PLAYER","TRIOS",14,16,19,2.06250937815319,2.48643794347209,3.51448453523453
"752",16.0237347234804,"NEUTRAL","TRIOS",17,20,23,1.95406501101301,2.51081208085221,3.32422576984556
"753",16.0237347234804,"HOUSE","TRIOS",21,25,30,1.94615288907194,2.52577705272191,3.42021487853013
"754",16.0237347234804,"PLAYER","QUADS",14,17,19,1.94083054413324,2.54437728878808,3.17213394268752
"755",16.0237347234804,"NEUTRAL","QUADS",18,21,24,1.98595814822102,2.54319009054918,3.34822190111088
"756",16.0237347234804,"HOUSE","QUADS",22,26,31,1.96157363207866,2.52958294810459,3.39973019069006
"757",16.299600629887,"PLAYER","DUOS",7,9,10,1.93967981710692,2.60831736208097,3.13354666490834
"758",16.299600629887,"NEUTRAL","DUOS",10,11,13,2.13161799571067,2.44911329915309,3.32442294114192
"759",16.299600629887,"HOUSE","DUOS",12,14,17,1.99204990475521,2.46909607099362,3.34440182964879
"760",16.299600629887,"PLAYER","TRIOS",14,16,19,2.02073846052745,2.41909685800757,3.37250204772594
"761",16.299600629887,"NEUTRAL","TRIOS",18,20,23,2.0649027570136,2.437395936584,3.2022831275785
"762",16.299600629887,"HOUSE","TRIOS",22,25,30,2.02819999369378,2.45918190256202,3.32629894768195
"763",16.299600629887,"PLAYER","QUADS",15,17,20,2.06239262801944,2.47127085486516,3.44054844555852
"764",16.299600629887,"NEUTRAL","QUADS",18,21,24,1.93990115507317,2.46650308658378,3.22291994274268
"765",16.299600629887,"HOUSE","QUADS",23,26,31,2.04015234364445,2.46195337971158,3.30532548464167
"766",16.691583606257,"PLAYER","DUOS",7,9,11,1.89818112262629,2.5151212938186,3.65455264711568
"767",16.691583606257,"NEUTRAL","DUOS",10,11,13,2.0656183204751,2.36054322395521,3.16827439274114
"768",16.691583606257,"HOUSE","DUOS",12,14,17,1.93333957270204,2.3858295226567,3.22436404627545
"769",16.691583606257,"PLAYER","TRIOS",14,17,19,1.96528947718215,2.56635288761997,3.18965271917908
"770",16.691583606257,"NEUTRAL","TRIOS",18,21,24,1.99588838632461,2.54606990637723,3.33845018846745
"771",16.691583606257,"HOUSE","TRIOS",22,26,31,1.96129583226567,2.52062631544146,3.37824907214679
"772",16.691583606257,"PLAYER","QUADS",15,18,20,2.00138634235046,2.6153711133819,3.24620238689436
"773",16.691583606257,"NEUTRAL","QUADS",19,22,25,2.02175459058094,2.56922599653925,3.34923290675715
"774",16.691583606257,"HOUSE","QUADS",23,27,32,1.97143383782325,2.51815004929518,3.35135840410263
"775",16.9618770352904,"PLAYER","DUOS",8,9,11,2.12182003984744,2.45528346670755,3.51863655713178
"776",16.9618770352904,"NEUTRAL","DUOS",10,12,14,2.02265757824938,2.64678300152121,3.5834376387234
"777",16.9618770352904,"HOUSE","DUOS",13,15,18,2.10095199742881,2.58268515105302,3.44502877304711
"778",16.9618770352904,"PLAYER","TRIOS",14,17,20,1.92952764980146,2.49501031056471,3.45840005414819
"779",16.9618770352904,"NEUTRAL","TRIOS",18,21,24,1.95120243111557,2.47187313652398,3.21760230168349
"780",16.9618770352904,"HOUSE","TRIOS",23,26,31,2.03964548807336,2.45530576549173,3.28687192598581
"781",16.9618770352904,"PLAYER","QUADS",15,18,21,1.96211518806799,2.53880354561411,3.50987792316226
"782",16.9618770352904,"NEUTRAL","QUADS",19,22,25,1.97459857261586,2.49231396717919,3.22590230473932
"783",16.9618770352904,"HOUSE","QUADS",24,27,32,2.04624400670665,2.45204448181722,3.259681382705
"784",17.2043186428228,"PLAYER","DUOS",8,9,11,2.08738251639805,2.40444468729774,3.4051050584925
"785",17.2043186428228,"NEUTRAL","DUOS",10,12,14,1.98579276564315,2.58170310111718,3.47135296061627
"786",17.2043186428228,"HOUSE","DUOS",13,15,18,2.0604512386356,2.52702020474032,3.36792324761491
"787",17.2043186428228,"PLAYER","TRIOS",15,17,20,2.04909275096398,2.43481768000864,3.33640572906692
"788",17.2043186428228,"NEUTRAL","TRIOS",19,21,25,2.05907393294758,2.40876177623148,3.41232163260649
"789",17.2043186428228,"HOUSE","TRIOS",23,27,32,1.99726463788665,2.54766363382498,3.38323379427953
"790",17.2043186428228,"PLAYER","QUADS",15,18,21,1.9286910267436,2.47431361899496,3.38157826233922
"791",17.2043186428228,"NEUTRAL","QUADS",19,22,26,1.93432497407949,2.42694026321889,3.411659083292
"792",17.2043186428228,"HOUSE","QUADS",24,28,33,2.00291716498606,2.53967533889487,3.35054371568317
"793",17.58491711313,"PLAYER","DUOS",8,9,11,2.03639081965906,2.32963424827074,3.24121041926472
"794",17.58491711313,"NEUTRAL","DUOS",10,12,14,1.93092676338663,2.4854280283845,3.30670165090048
"795",17.58491711313,"HOUSE","DUOS",13,15,18,1.9994128533014,2.44276684558311,3.24968784010333
"796",17.58491711313,"PLAYER","TRIOS",15,18,20,1.99276106720399,2.57289141386404,3.16162270373936
"797",17.58491711313,"NEUTRAL","TRIOS",19,22,25,1.99210164335483,2.50798796463112,3.23749028831544
"798",17.58491711313,"HOUSE","TRIOS",24,27,32,2.05262028926082,2.45474552032,3.25466820372366
"799",17.58491711313,"PLAYER","QUADS",16,19,21,2.02111376301243,2.60815062481994,3.19817056158051
"800",17.58491711313,"NEUTRAL","QUADS",20,23,26,2.00993598769884,2.52020040807626,3.23433661016543
"801",17.58491711313,"HOUSE","QUADS",25,28,34,2.05424730497047,2.44593804095666,3.38999847978031
"802",17.7144983930442,"PLAYER","DUOS",8,10,11,2.01983925045753,2.68293080270721,3.18906235944021
"803",17.7144983930442,"NEUTRAL","DUOS",10,12,14,1.91304549847954,2.45420355474139,3.2536038713663
"804",17.7144983930442,"HOUSE","DUOS",13,15,18,1.97932334925215,2.41494643800452,3.21025202234458
"805",17.7144983930442,"PLAYER","TRIOS",15,18,21,1.97456349151773,2.53774170528094,3.47833629520595
"806",17.7144983930442,"NEUTRAL","TRIOS",19,22,26,1.97038812171768,2.47277239766067,3.47724694114194
"807",17.7144983930442,"HOUSE","TRIOS",24,28,33,2.02946083639948,2.56995279607328,3.38330448353016
"808",17.7144983930442,"PLAYER","QUADS",16,19,22,2.00139028814141,2.57087052627612,3.51062163767157
"809",17.7144983930442,"NEUTRAL","QUADS",20,23,27,1.98721994517958,2.48397040844593,3.4651525027483
"810",17.7144983930442,"HOUSE","QUADS",25,29,34,2.03067248171968,2.55666565577322,3.34513793402393
"811",17.8656860846223,"PLAYER","DUOS",8,10,11,2.00102295642287,2.64303533113006,3.13039000534611
"812",17.8656860846223,"NEUTRAL","DUOS",10,12,14,1.89267449645941,2.41872348545585,3.19345235298772
"813",17.8656860846223,"HOUSE","DUOS",13,16,19,1.95631894856227,2.62679441682031,3.45197819069797
"814",17.8656860846223,"PLAYER","TRIOS",15,18,21,1.95392842139412,2.49810254343996,3.40002381647048
"815",17.8656860846223,"NEUTRAL","TRIOS",19,22,26,1.94571988865038,2.43286608568443,3.40345644037159
"816",17.8656860846223,"HOUSE","TRIOS",24,28,33,2.00298427311982,2.53195151266494,3.33159786204924
"817",17.8656860846223,"PLAYER","QUADS",16,19,22,1.9790406586757,2.52886399017159,3.42916218343192
"818",17.8656860846223,"NEUTRAL","QUADS",20,23,27,1.96142250092927,2.44292888385175,3.39072212209839
"819",17.8656860846223,"HOUSE","QUADS",25,29,34,2.00372430321037,2.5184349258112,3.29341516873928
"820",18.5950324638382,"PLAYER","DUOS",8,10,12,1.91722327616446,2.46836368340491,3.42124023837528
"821",18.5950324638382,"NEUTRAL","DUOS",11,13,15,2.00957873508572,2.56380746876507,3.36729349736241
"822",18.5950324638382,"HOUSE","DUOS",14,16,19,2.03464861599197,2.4590066152361,3.22223633907927
"823",18.5950324638382,"PLAYER","TRIOS",16,19,22,1.99432055417665,2.53398735716438,3.41184259909871
"824",18.5950324638382,"NEUTRAL","TRIOS",20,23,27,1.96122004598057,2.43071227918212,3.35053213343489
"825",18.5950324638382,"HOUSE","TRIOS",25,29,35,1.99193759723199,2.49419636712779,3.41578848526997
"826",18.5950324638382,"PLAYER","QUADS",17,20,23,2.01360977480074,2.55462693943181,3.42383944489901
"827",18.5950324638382,"NEUTRAL","QUADS",21,24,28,1.97084246554782,2.43253327083981,3.32659764884012
"828",18.5950324638382,"HOUSE","QUADS",26,30,36,1.98788259808444,2.47554044912322,3.36751065465428
"829",18.7444451974644,"PLAYER","DUOS",8,10,12,1.9013817197427,2.43588430820587,3.35351628145679
"830",18.7444451974644,"NEUTRAL","DUOS",11,13,15,1.98672976769027,2.52528265463375,3.30374617792357
"831",18.7444451974644,"HOUSE","DUOS",14,16,20,2.01059140459945,2.42640083609128,3.45067566333011
"832",18.7444451974644,"PLAYER","TRIOS",16,19,22,1.97322720492864,2.49477250556558,3.33708691414977
"833",18.7444451974644,"NEUTRAL","TRIOS",20,24,27,1.93699544650792,2.58014360160481,3.28173635111736
"834",18.7444451974644,"HOUSE","TRIOS",25,29,35,1.96649550814579,2.45798848087868,3.36404148774509
"835",18.7444451974644,"PLAYER","QUADS",17,20,23,1.99104100370687,2.51353213779128,3.34694918239056
"836",18.7444451974644,"NEUTRAL","QUADS",21,25,28,1.94571273985233,2.57680337889408,3.25762345158787
"837",18.7444451974644,"HOUSE","QUADS",26,30,36,1.96209825825868,2.43923032747204,3.31587538147692
"838",19.1114401281858,"PLAYER","DUOS",9,10,12,2.08107502980962,2.36036157461868,3.19832296528078
"839",19.1114401281858,"NEUTRAL","DUOS",11,13,15,1.93306926024217,2.43522246949905,3.15597621532394
"840",19.1114401281858,"HOUSE","DUOS",14,17,20,1.95351459942649,2.57321365849624,3.33270138934832
"841",19.1114401281858,"PLAYER","TRIOS",17,19,22,2.0611179838226,2.40421214318455,3.16692441146348
"842",19.1114401281858,"NEUTRAL","TRIOS",21,24,28,2.00655526125681,2.47680689774387,3.38751771481257
"843",19.1114401281858,"HOUSE","TRIOS",26,30,36,2.01321439605991,2.50393756871904,3.39813818773611
"844",19.1114401281858,"PLAYER","QUADS",17,20,23,1.93849685498661,2.41874786065644,3.17214183553993
"845",19.1114401281858,"NEUTRAL","QUADS",22,25,29,2.01140632181355,2.47183175827065,3.35351108754283
"846",19.1114401281858,"HOUSE","QUADS",27,31,37,2.00511368982953,2.48068666781917,3.34526012720715
"847",19.8366281603049,"PLAYER","DUOS",9,11,13,1.98643311198865,2.53483632433476,3.45281686306118
"848",19.8366281603049,"NEUTRAL","DUOS",12,14,16,2.03642145171676,2.55824026451507,3.29633979569089
"849",19.8366281603049,"HOUSE","DUOS",15,17,21,2.01867184424895,2.40956126015319,3.36531351755924
"850",19.8366281603049,"PLAYER","TRIOS",17,20,24,1.95481160579168,2.42683555708372,3.49866275253957
"851",19.8366281603049,"NEUTRAL","TRIOS",22,25,29,2.01055020275462,2.45962638305168,3.31586809404722
"852",19.8366281603049,"HOUSE","TRIOS",27,31,37,1.99380129652606,2.45805168275853,3.30414768734019
"853",19.8366281603049,"PLAYER","QUADS",18,21,25,1.9637152626045,2.43249973731345,3.48086251999857
"854",19.8366281603049,"NEUTRAL","QUADS",23,26,30,2.00959276453643,2.44731780566632,3.27291590574399
"855",19.8366281603049,"HOUSE","QUADS",28,33,39,1.98156042076073,2.55599386197243,3.39513346379086
"856",21.4219251891832,"PLAYER","DUOS",10,12,14,1.99522739177618,2.49064899538031,3.28150958157455
"857",21.4219251891832,"NEUTRAL","DUOS",13,15,18,1.99061886793083,2.44358882555292,3.45956937239543
"858",21.4219251891832,"HOUSE","DUOS",16,19,23,1.93694200903087,2.46898602713554,3.34953113916487
"859",21.4219251891832,"PLAYER","TRIOS",19,22,26,1.97884990842845,2.4116535924746,3.34607102056476
"860",21.4219251891832,"NEUTRAL","TRIOS",24,28,32,1.97814729506191,2.52839244928147,3.32456040665532
"861",21.4219251891832,"HOUSE","TRIOS",30,35,41,2.01595015963566,2.55727103815917,3.33983788036077
"862",21.4219251891832,"PLAYER","QUADS",20,24,27,1.97577040219447,2.58158521778251,3.30191912772215
"863",21.4219251891832,"NEUTRAL","QUADS",25,29,33,1.9664228257136,2.49754236215086,3.25750069079765
"864",21.4219251891832,"HOUSE","QUADS",31,36,42,1.99333816847722,2.51422824782364,3.26761702457585
"865",22.0566219184152,"PLAYER","DUOS",10,13,15,1.92051424443563,2.6530851680302,3.50849103573195
"866",22.0566219184152,"NEUTRAL","DUOS",14,16,18,2.08279176963837,2.55050928515272,3.18584896165448
"867",22.0566219184152,"HOUSE","DUOS",17,20,24,1.9935126651754,2.51923864199745,3.3760244038659
"868",22.0566219184152,"PLAYER","TRIOS",20,23,27,2.00446964724161,2.42987637765884,3.3328050845983
"869",22.0566219184152,"NEUTRAL","TRIOS",25,29,33,1.98159222610822,2.50932068080592,3.26262564063223
"870",22.0566219184152,"HOUSE","TRIOS",31,36,43,1.99774927908934,2.51289103864597,3.39128056204439
"871",22.0566219184152,"PLAYER","QUADS",21,25,28,1.99644108643974,2.5870767427453,3.27782950091442
"872",22.0566219184152,"NEUTRAL","QUADS",26,30,35,1.96548409190241,2.47312844445489,3.41140342878893
"873",22.0566219184152,"HOUSE","QUADS",32,37,44,1.97218434318595,2.46707490454452,3.31190574883414
"874",22.6173368144396,"PLAYER","DUOS",11,13,15,2.03474166842859,2.51115066934004,3.24940272934377
"875",22.6173368144396,"NEUTRAL","DUOS",14,16,19,1.99076511742776,2.40965538957058,3.32472529494534
"876",22.6173368144396,"HOUSE","DUOS",18,21,25,2.0563333021698,2.57880418008012,3.41723982749371
"877",22.6173368144396,"PLAYER","TRIOS",21,24,28,2.03654796087198,2.45951603587898,3.34515534032272
"878",22.6173368144396,"NEUTRAL","TRIOS",26,30,34,1.99337305670276,2.50564996033969,3.22846393124935
"879",22.6173368144396,"HOUSE","TRIOS",32,37,44,1.98963189252929,2.48443504087553,3.32715067892059
"880",22.6173368144396,"PLAYER","QUADS",22,25,29,2.02385164715467,2.43398585919996,3.27983745781992
"881",22.6173368144396,"NEUTRAL","QUADS",27,31,36,1.97319628613209,2.46442943176105,3.36076377315059
"882",22.6173368144396,"HOUSE","QUADS",33,39,46,1.9613109510266,2.54231398029442,3.37075101775494
"883",23.9455462369943,"PLAYER","DUOS",12,14,16,2.04067679749261,2.4779848057497,3.13291443660648
"884",23.9455462369943,"NEUTRAL","DUOS",15,18,21,1.95754205817481,2.56016132061356,3.47116345034574
"885",23.9455462369943,"HOUSE","DUOS",19,22,27,1.98327275557455,2.44812230652906,3.40422888165984
"886",23.9455462369943,"PLAYER","TRIOS",22,26,30,1.95016866548588,2.44676099154825,3.23916009302552
"887",23.9455462369943,"NEUTRAL","TRIOS",28,33,37,1.96923351086148,2.56635078785385,3.24810312555888
"888",23.9455462369943,"HOUSE","TRIOS",35,40,48,2.01125025521831,2.46970885703127,3.36072988260374
"889",23.9455462369943,"PLAYER","QUADS",24,28,32,2.03208248377353,2.56494131689074,3.41061060580733
"890",23.9455462369943,"NEUTRAL","QUADS",30,34,39,2.03863518610213,2.51032102104797,3.34645858555336
"891",23.9455462369943,"HOUSE","QUADS",36,42,50,1.97513363446117,2.51081437021885,3.38351643600939
"892",24.6985972955248,"PLAYER","DUOS",12,15,17,1.94534070267363,2.56300180066838,3.22664121489676
"893",24.6985972955248,"NEUTRAL","DUOS",16,19,22,2.0019835169333,2.59558972211607,3.47741198110172
"894",24.6985972955248,"HOUSE","DUOS",20,23,28,1.99734893453344,2.44382712825482,3.35572752919052
"895",24.6985972955248,"PLAYER","TRIOS",24,28,32,2.04192805894464,2.56113194118664,3.37886454927454
"896",24.6985972955248,"NEUTRAL","TRIOS",30,34,39,2.03131462579038,2.48817519708163,3.29413370097645
"897",24.6985972955248,"HOUSE","TRIOS",37,42,50,2.03764290501892,2.47954184266069,3.33056747559354
"898",24.6985972955248,"PLAYER","QUADS",25,29,33,2.01523083672855,2.51063228940321,3.27793655938698
"899",24.6985972955248,"NEUTRAL","QUADS",31,36,41,1.99675249015888,2.56000546807853,3.37449549875728
"900",24.6985972955248,"HOUSE","QUADS",38,44,52,1.99662616478272,2.51148480732874,3.34346904589934
"901",37.2321498952471,"PLAYER","DUOS",27,32,38,1.97475170416269,2.45377533801946,3.41771851731925
"902",37.2321498952471,"NEUTRAL","DUOS",35,40,47,2.00415492066263,2.45868004161997,3.39225405795723
"903",37.2321498952471,"HOUSE","DUOS",43,50,60,1.97628524221409,2.47552923803915,3.35221287825432
"904",37.2321498952471,"PLAYER","TRIOS",52,61,70,1.99786806557131,2.52618672183425,3.37709103659016
"905",37.2321498952471,"NEUTRAL","TRIOS",65,74,85,1.99778623640012,2.47052501177739,3.29745875573045
"906",37.2321498952471,"HOUSE","TRIOS",80,92,109,2.01179700325037,2.50809380058697,3.35995823253781
"907",37.2321498952471,"PLAYER","QUADS",55,64,73,2.00973880075422,2.5342518701416,3.36740605293943
"908",37.2321498952471,"NEUTRAL","QUADS",68,78,89,1.9991027928032,2.52046196475864,3.34532995022628
"909",37.2321498952471,"HOUSE","QUADS",83,95,113,1.99987460864079,2.47915366105353,3.35223954558825
